file_name,machine_id,machine_name,schema_type,top_level_keys,load_error,manifest_registered,manifest_machine_id,manifest_file_name,master_registered,master_machine_id,master_machine_name,details_exists,details_file_name,file_name_matches_id,legacy_id_kind,duplicate_name_count,duplicate_name_files,duplicate_id_count,duplicate_id_files,manufacturer,machine_type,release_date,is_active,machine_notes_present,machine_notes,top_notes_present,top_notes,dmm_url,ichigeki_url,site_link_count,site_link_names,site_link_urls,counter_count,counter_keys,counter_labels,counter_categories,default_visible_counter_keys,has_total_games_counter,setting_element_count,setting_element_keys,setting_element_labels,settings_present_union,settings_count_union,values_count_min,values_count_max,weights_present_count,weights_unique,min_sample_sizes_present_count,min_sample_sizes_unique,element_notes_present_count,has_bonus_element,has_big_element,has_reg_element,has_cz_element,has_at_element,has_small_role_element,has_reach_role_element,ceiling_count,ceiling_keys,ceiling_types,ceiling_limit_values,has_ceiling
arifureta.json,arifureta,Lありふれた職業で世界最強,modern_inference,counters|id|inferenceElements|name|notes|siteLinks,,False,,,False,,,False,,True,,2,arifureta.json|list_slot_022.json,1,arifureta.json,,,,,False,,True,precision batch remaining,https://p-town.dmm.com,https://1geki.jp,2,DMM|一撃,https://p-town.dmm.com|https://1geki.jp,3,total_games|cz|at,ゲーム数|CZ|AT,,,True,1,cz_probability,,1|2|3|4|5|6,6,6,6,1,1.0,1,500,0,False,False,False,True,False,False,False,0,,,,False
azure_lane.json,azure_lane,Lアズールレーン THE ANIMATION,modern_inference,counters|id|inferenceElements|name|notes|siteLinks,,False,,,False,,,False,,True,,2,azure_lane.json|list_slot_015.json,1,azure_lane.json,,,,,False,,True,precision batch remaining,https://p-town.dmm.com,https://1geki.jp,2,DMM|一撃,https://p-town.dmm.com|https://1geki.jp,3,total_games|cz|at,ゲーム数|CZ|AT,,,True,1,cz_probability,,1|2|3|4|5|6,6,6,6,1,1.0,1,500,0,False,False,False,True,False,False,False,0,,,,False
bancho4.json,bancho4,押忍！番長4,simple_reference,id|name|settingReferenceValues,,False,,,False,,,False,,True,,2,bancho4.json|list_slot_011.json,1,bancho4.json,,,,,False,,False,,,,0,,,0,,,,,False,4,bonus|cz|bell|direct_at,ボーナス合算|CZ確率|ベル|AT直撃,,0,6,6,0,,0,,0,True,False,False,True,True,True,False,0,,,,False
bio_re2.json,bio_re2,スマスロ バイオハザード RE:2,simple_reference,id|name|settingReferenceValues,,False,,,False,,,False,,True,,2,bio_re2.json|list_slot_006.json,1,bio_re2.json,,,,,False,,False,,,,0,,,0,,,,,False,4,at_hit|cz|weak_cherry|direct_at,AT初当り|CZ確率|弱チェリー|AT直撃,,0,6,6,0,,0,,0,False,False,False,True,True,True,False,0,,,,False
code_geass_cc_kallen.json,code_geass_cc_kallen,コードギアス 反逆のルルーシュ C.C.&Kallen ver.,modern_inference,counters|id|inferenceElements|name|notes|siteLinks,,False,,,False,,,False,,True,,1,code_geass_cc_kallen.json,1,code_geass_cc_kallen.json,,,,,False,,True,precision batch,https://p-town.dmm.com,https://1geki.jp,2,DMM|一撃,https://p-town.dmm.com|https://1geki.jp,3,total_games|cz|at,ゲーム数|CZ|AT,,,True,2,cz_probability|at_probability,,1|2|3|4|5|6,6,6,6,2,1.0|1.2,2,500,0,False,False,False,True,True,False,False,0,,,,False
code_geass_fukkatsu.json,code_geass_fukkatsu,コードギアス 復活のルルーシュ,modern_inference,counters|id|inferenceElements|name|notes|siteLinks,,False,,,False,,,False,,True,,1,code_geass_fukkatsu.json,1,code_geass_fukkatsu.json,,,,,False,,True,precision batch,https://p-town.dmm.com,https://1geki.jp,2,DMM|一撃,https://p-town.dmm.com|https://1geki.jp,3,total_games|cz|at,ゲーム数|CZ|AT,,,True,2,cz_probability|at_probability,,1|2|3|4|5|6,6,6,6,2,1.0|1.2,2,500,0,False,False,False,True,True,False,False,0,,,,False
darling_franxx.json,darling_franxx,Lダーリン・イン・ザ・フランキス,modern_inference,counters|id|inferenceElements|name|notes|siteLinks,,False,,,False,,,False,,True,,2,darling_franxx.json|list_slot_016.json,1,darling_franxx.json,,,,,False,,True,precision batch remaining,https://p-town.dmm.com,https://1geki.jp,2,DMM|一撃,https://p-town.dmm.com|https://1geki.jp,3,total_games|cz|at,ゲーム数|CZ|AT,,,True,1,cz_probability,,1|2|3|4|5|6,6,6,6,1,1.0,1,500,0,False,False,False,True,False,False,False,0,,,,False
dmm_slot_001.json,dmm_slot_001,スマスロ BIRDIE WING -Golf Girls' Story-,legacy_full,ceilingRules|counterDefinitions|machine|settingReferenceValues,,True,dmm_slot_001,dmm_slot_001.json,True,dmm_slot_001,スマスロ BIRDIE WING -Golf Girls' Story-,True,dmm_slot_001.json,True,dmm_slot,1,dmm_slot_001.json,1,dmm_slot_001.json,UNIVERSAL BROS.,AT,2026-06-08,True,True,均一化フェーズ対応。主判別はボーナス初当り、補助はAT初当りとCZ、重い分母は直撃ATに整理。短期のAT偏りを追い過ぎず、まずはボーナス初当りを軸に評価する。,False,,https://p-town.dmm.com/machines/4996,https://1geki.jp/slot/l_birdie/,0,,,5,total_games|bonus_count|at_count|cz_count|direct_hit_count,総ゲーム数|通常時初当たり|ST初当たり|CZ|直撃/特殊契機,BASIC|BONUS|AT_CZ|AT_CZ|SPECIAL,total_games|bonus_count|at_count,True,2,bonus_count|at_count,,1|2|3|4|5|6,6,6,6,12,0.7|1,12,2500|3000,2,True,False,False,False,True,False,False,0,,,,False
dmm_slot_002.json,dmm_slot_002,スマスロ バイオハザードRE:3,legacy_full,ceilingRules|counterDefinitions|machine|settingReferenceValues,,True,dmm_slot_002,dmm_slot_002.json,True,dmm_slot_002,スマスロ バイオハザードRE:3,True,dmm_slot_002.json,True,dmm_slot,1,dmm_slot_002.json,1,dmm_slot_002.json,Enterrise,AT,2026-05-11,True,True,均一化フェーズ対応。主判別はAT初当り、補助はCZとボーナス、重い分母は直撃ATに整理。RE:3は出玉波で短期ブレが出やすいため、AT初当りを主軸に固定する。,False,,https://p-town.dmm.com/machines/4974,https://1geki.jp/slot/s_bh7/,0,,,5,total_games|at_count|cz_count|bonus_count|direct_hit_count,総ゲーム数|AT初当たり|CZ|ボーナス|直撃/特殊契機,BASIC|AT_CZ|AT_CZ|BONUS|SPECIAL,total_games|at_count,True,1,at_count,,1|2|3|4|5|6,6,6,6,6,1,6,2500,1,False,False,False,False,True,False,False,0,,,,False
dmm_slot_003.json,dmm_slot_003,Ｌタクトオーパス デスティニー,legacy_full,ceilingRules|counterDefinitions|machine|settingReferenceValues,,True,dmm_slot_003,dmm_slot_003.json,True,dmm_slot_003,Ｌタクトオーパス デスティニー,True,dmm_slot_003.json,True,dmm_slot,1,dmm_slot_003.json,1,dmm_slot_003.json,HEIWA,AT,2026-05-11,True,True,均一化フェーズ対応。主判別はAT初当り、補助はCZとボーナス、重い分母は直撃ATに整理。主軸はAT初当りで、CZは補助評価に留める。,False,,https://p-town.dmm.com/machines/5000,https://1geki.jp/slot/syllabary/4/,0,,,5,total_games|at_count|bonus_count|cz_count|direct_hit_count,総ゲーム数|AT初当たり|DESTINY/EPISODE BONUS|CZ/SPCZ|特殊契機,BASIC|AT_CZ|BONUS|AT_CZ|SPECIAL,total_games|at_count,True,1,at_count,,1|2|3|4|5|6,6,6,6,6,1,6,2500,1,False,False,False,False,True,False,False,0,,,,False
dmm_slot_004.json,dmm_slot_004,スマスロ ビッグドリーム THE GOLDEN PUSHER,legacy_full,ceilingRules|counterDefinitions|machine|settingReferenceValues,,True,dmm_slot_004,dmm_slot_004.json,True,dmm_slot_004,スマスロ ビッグドリーム THE GOLDEN PUSHER,True,dmm_slot_004.json,True,dmm_slot,1,dmm_slot_004.json,1,dmm_slot_004.json,Sammy,AT,2026-05-11,True,True,均一化フェーズ対応。主判別はCZ、補助はAT初当りとボーナス、重い分母は直撃ATに整理。現行参照値ではCZが最も軸にしやすいため、主判別に据える。,False,,https://p-town.dmm.com/machines/4981,https://1geki.jp/slot/syllabary/6/,0,,,5,total_games|cz_count|at_count|bonus_count|direct_hit_count,総ゲーム数|CZ(ジャッジメント)|AT初当たり|DREAM JP BONUS|直撃/特殊契機,BASIC|AT_CZ|AT_CZ|BONUS|SPECIAL,total_games|cz_count|at_count,True,2,cz_count|at_count,,1|2|3|4|5|6,6,6,6,12,0.7|1,12,2500|3000,2,False,False,False,True,True,False,False,0,,,,False
dmm_slot_005.json,dmm_slot_005,スマスロスーパーリオエース2,legacy_full,ceilingRules|counterDefinitions|machine|settingReferenceValues,,True,dmm_slot_005,dmm_slot_005.json,True,dmm_slot_005,スマスロスーパーリオエース2,True,dmm_slot_005.json,True,dmm_slot,1,dmm_slot_005.json,1,dmm_slot_005.json,YAMASA NEXT,HYBRID,2026-05-11,True,True,均一化フェーズ対応。主判別はREG、補助はAT初当りとBIGに整理。スーパーリオエース2はREGを軸にし、AT初当りは補助評価に留める。,False,,https://p-town.dmm.com/machines/4984,https://1geki.jp/slot/s_sp_rioace/,0,,,5,total_games|at_count|big_count|reg_count|cz_count,総ゲーム数|初当たり|BIG|REG/その他ボーナス|CZ,BASIC|AT_CZ|BONUS|BONUS|AT_CZ,total_games|at_count,True,1,at_count,,1|2|3|4|5|6,6,6,6,6,0.7,6,3000,1,False,False,False,False,True,False,False,0,,,,False
dmm_slot_006.json,dmm_slot_006,LB スロット GALFY,legacy_full,ceilingRules|counterDefinitions|machine|settingReferenceValues,,True,dmm_slot_006,dmm_slot_006.json,True,dmm_slot_006,LB スロット GALFY,True,dmm_slot_006.json,True,dmm_slot,1,dmm_slot_006.json,1,dmm_slot_006.json,オーイズミ,BONUS,2026-06-08,True,True,均一化フェーズ対応。主判別はREG、補助はボーナス合算とBIGに整理。BT機でもREG主軸で全体の見やすさを優先する。,False,,https://p-town.dmm.com/machines/4992,,0,,,4,total_games|big_count|reg_count|bonus_count,総ゲーム数|BIG|REG|合算ボーナス,BASIC|BONUS|BONUS|BONUS,total_games|big_count|reg_count|bonus_count,True,3,reg_count|bonus_count|big_count,,1|2|5|6,4,4,4,12,0.6|0.7|1,12,2500|3000,3,True,True,True,False,False,False,False,0,,,,False
dmm_slot_007.json,dmm_slot_007,スマスロ ミリオンゴッド-神々の軌跡-,legacy_full,ceilingRules|counterDefinitions|machine|settingReferenceValues,,True,dmm_slot_007,dmm_slot_007.json,True,dmm_slot_007,スマスロ ミリオンゴッド-神々の軌跡-,True,dmm_slot_007.json,True,dmm_slot,1,dmm_slot_007.json,1,dmm_slot_007.json,ミズホ,AT,2026-04-20,True,True,均一化フェーズ対応。主判別はAT初当り、補助はCZとボーナス、重い分母は直撃ATに整理。荒波機でもAT初当りを主軸に固定して均一性を優先する。,False,,https://p-town.dmm.com/machines/4961,,0,,,5,total_games|cz_count|at_count|bonus_count|direct_hit_count,総ゲーム数|CZ|AT|ボーナス|直撃AT,BASIC|AT_CZ|AT_CZ|BONUS|SPECIAL,total_games|cz_count|at_count|bonus_count|direct_hit_count,True,1,at_count,,1|2|3|4|5|6,6,6,6,6,1,6,2500,1,False,False,False,False,True,False,False,0,,,,False
dmm_slot_008.json,dmm_slot_008,アニマルスロット ドッチ,legacy_full,ceilingRules|counterDefinitions|machine|settingReferenceValues,,True,dmm_slot_008,dmm_slot_008.json,True,dmm_slot_008,アニマルスロット ドッチ,True,dmm_slot_008.json,True,dmm_slot,1,dmm_slot_008.json,1,dmm_slot_008.json,北電子,BONUS,2026-04-20,True,True,均一化フェーズ対応。主判別はREG、補助はボーナス合算とBIGに整理。アニマルスロット ドッチはノーマルタイプとしてREG主軸で揃える。,False,,https://p-town.dmm.com/machines/4964,,0,,,4,total_games|big_count|reg_count|bonus_count,総ゲーム数|BIG|REG|合算ボーナス,BASIC|BONUS|BONUS|BONUS,total_games|big_count|reg_count|bonus_count,True,3,reg_count|bonus_count|big_count,,1|2|3|4|5|6,6,6,6,18,0.6|0.7|1,18,2500|3000,3,True,True,True,False,False,False,False,0,,,,False
dmm_slot_009.json,dmm_slot_009,真打 吉宗,legacy_full,ceilingRules|counterDefinitions|machine|settingReferenceValues,,True,dmm_slot_009,dmm_slot_009.json,True,dmm_slot_009,真打 吉宗,True,dmm_slot_009.json,True,dmm_slot,1,dmm_slot_009.json,1,dmm_slot_009.json,大都技研,AT,2026-04-06,True,True,均一化フェーズ対応。主判別はAT初当り、補助はCZとボーナス、重い分母は直撃ATに整理。主軸はAT初当りで、短期のCZ偏りを追い過ぎない。,False,,https://p-town.dmm.com/machines/4983,,0,,,5,total_games|cz_count|at_count|bonus_count|direct_hit_count,総ゲーム数|CZ|AT|ボーナス|直撃AT,BASIC|AT_CZ|AT_CZ|BONUS|SPECIAL,total_games|cz_count|at_count|bonus_count|direct_hit_count,True,2,at_count|cz_count,,1|2|3|4|5|6,6,6,6,12,0.7|1,12,2500|3000,2,False,False,False,True,True,False,False,0,,,,False
dmm_slot_010.json,dmm_slot_010,LBトリプルクラウンセブン,legacy_full,ceilingRules|counterDefinitions|machine|settingReferenceValues,,True,dmm_slot_010,dmm_slot_010.json,True,dmm_slot_010,LBトリプルクラウンセブン,True,dmm_slot_010.json,True,dmm_slot,1,dmm_slot_010.json,1,dmm_slot_010.json,岡崎産業,BONUS,2026-04-06,True,True,均一化フェーズ対応。主判別はREG、補助はボーナス合算とBIGに整理。トリプルクラウンセブンもREG主軸で均一化する。,False,,https://p-town.dmm.com/machines/4986,,0,,,4,total_games|big_count|reg_count|bonus_count,総ゲーム数|BIG|REG|合算ボーナス,BASIC|BONUS|BONUS|BONUS,total_games|big_count|reg_count|bonus_count,True,3,reg_count|bonus_count|big_count,,1|2|5|6,4,4,4,12,0.6|0.7|1,12,2500|3000,3,True,True,True,False,False,False,False,0,,,,False
dmm_slot_011.json,dmm_slot_011,スマスロヨルムンガンド,legacy_full,ceilingRules|counterDefinitions|machine|settingReferenceValues,,True,dmm_slot_011,dmm_slot_011.json,True,dmm_slot_011,スマスロヨルムンガンド,True,dmm_slot_011.json,True,dmm_slot,1,dmm_slot_011.json,1,dmm_slot_011.json,YAMASA NEXT,AT,2026-04-06,True,True,均一化フェーズ対応。主判別はAT初当り、補助はCZとボーナス、重い分母は直撃ATに整理。主軸はAT初当りで固定し、直撃は高サンプル時のみ効かせる。,False,,https://p-town.dmm.com/machines/4970,,0,,,5,total_games|cz_count|at_count|bonus_count|direct_hit_count,総ゲーム数|CZ|AT|ボーナス|直撃AT,BASIC|AT_CZ|AT_CZ|BONUS|SPECIAL,total_games|cz_count|at_count|bonus_count|direct_hit_count,True,2,at_count|cz_count,,1|2|3|4|5|6,6,6,6,12,0.7|1,12,2500|3000,2,False,False,False,True,True,False,False,0,,,,False
dmm_slot_012.json,dmm_slot_012,L虚構推理,legacy_full,ceilingRules|counterDefinitions|machine|settingReferenceValues,,True,dmm_slot_012,dmm_slot_012.json,True,dmm_slot_012,L虚構推理,True,dmm_slot_012.json,True,dmm_slot,1,dmm_slot_012.json,1,dmm_slot_012.json,D-light,AT,2026-04-06,True,True,均一化フェーズ対応。主判別はCZ、補助はAT初当りとボーナス、重い分母は直撃ATに整理。現行参照値ではCZが比較的使いやすいため主判別に据える。,False,,https://p-town.dmm.com/machines/4973,,0,,,5,total_games|cz_count|at_count|bonus_count|direct_hit_count,総ゲーム数|CZ|AT|ボーナス|直撃AT,BASIC|AT_CZ|AT_CZ|BONUS|SPECIAL,total_games|cz_count|at_count|bonus_count|direct_hit_count,True,2,cz_count|bonus_count,,1|2|3|4|5|6,6,6,6,12,0.6|1,12,2500|3000,2,True,False,False,True,False,False,False,0,,,,False
dmm_slot_013.json,dmm_slot_013,A-SLOT+ 異世界かるてっと BT,legacy_full,ceilingRules|counterDefinitions|machine|settingReferenceValues,,True,dmm_slot_013,dmm_slot_013.json,True,dmm_slot_013,A-SLOT+ 異世界かるてっと BT,True,dmm_slot_013.json,True,dmm_slot,1,dmm_slot_013.json,1,dmm_slot_013.json,GINZA,BONUS,2026-04-06,True,True,均一化フェーズ対応。主判別はREG、補助はボーナス合算とBIGに整理。BT機でもREG主軸で見やすさを優先する。,False,,https://p-town.dmm.com/machines/4965,,0,,,4,total_games|big_count|reg_count|bonus_count,総ゲーム数|BIG|REG/異世界ボーナス|ボーナス合算,BASIC|BONUS|BONUS|BONUS,total_games|bonus_count,True,1,bonus_count,,1|2|5|6,4,4,4,4,0.7,4,3000,1,True,False,False,False,False,False,False,0,,,,False
dmm_slot_014.json,dmm_slot_014,Lアクダマドライブ,legacy_full,ceilingRules|counterDefinitions|machine|settingReferenceValues,,True,dmm_slot_014,dmm_slot_014.json,True,dmm_slot_014,Lアクダマドライブ,True,dmm_slot_014.json,True,dmm_slot,1,dmm_slot_014.json,1,dmm_slot_014.json,SanThree,AT,2026-04-06,True,True,均一化フェーズ対応。主判別はAT初当り、補助はCZとボーナス、重い分母は直撃ATに整理。現行入力ではAT初当りを軸にした方が実戦で扱いやすい。,False,,https://p-town.dmm.com/machines/4956,,0,,,5,total_games|cz_count|at_count|bonus_count|direct_hit_count,総ゲーム数|CZ|AT|ボーナス|直撃AT,BASIC|AT_CZ|AT_CZ|BONUS|SPECIAL,total_games|cz_count|at_count|bonus_count|direct_hit_count,True,3,at_count|cz_count|bonus_count,,1|2|3|4|5|6,6,6,6,18,0.6|0.7|1,18,2500|3000,3,True,False,False,True,True,False,False,0,,,,False
dmm_slot_015.json,dmm_slot_015,スマスロ サンダーV,legacy_full,ceilingRules|counterDefinitions|machine|settingReferenceValues,,True,dmm_slot_015,dmm_slot_015.json,True,dmm_slot_015,スマスロ サンダーV,True,dmm_slot_015.json,True,dmm_slot,1,dmm_slot_015.json,1,dmm_slot_015.json,ELECO,BONUS,2026-03-02,True,True,均一化フェーズ対応。主判別はREG、補助はボーナス合算とベルに整理。スマスロ サンダーVはノーマル系としてREG主軸で揃え、ベルは高ゲーム数時の補強に使う。,False,,https://p-town.dmm.com/machines/4943,https://1geki.jp/slot/l_thunder_v/,0,,,6,total_games|big_count|reg_count|bonus_count|bell_count|suika_count,総ゲーム数|BIG|REG|ボーナス合算|ベル合算|スイカ合算,BASIC|BONUS|BONUS|BONUS|SMALL_ROLE|SMALL_ROLE,total_games|big_count|reg_count|bonus_count|bell_count|suika_count,True,5,reg_count|bonus_count|bell_count|suika_count|big_count,,1|2|5|6,4,4,4,20,0.5|0.6|0.7|1,20,2500|3000|4000,5,True,True,True,False,False,True,False,0,,,,False
dmm_slot_016.json,dmm_slot_016,スマスロ 甲鉄城のカバネリ 海門（うなと）決戦,legacy_full,ceilingRules|counterDefinitions|machine|settingReferenceValues,,True,dmm_slot_016,dmm_slot_016.json,True,dmm_slot_016,スマスロ 甲鉄城のカバネリ 海門（うなと）決戦,True,dmm_slot_016.json,True,dmm_slot,1,dmm_slot_016.json,1,dmm_slot_016.json,,AT,,True,True,均一化フェーズ対応。主判別はボーナス初当り、補助はAT初当りとCZ、重い分母は直撃ATに整理。海門決戦でも主軸はボーナス初当りで固定する。,False,,https://p-town.dmm.com/machines/4930,https://1geki.jp/slot/l_kabaneri2/,0,,,3,total_games|bonus_count|at_count,総ゲーム数|ボーナス初当り|ST,BASIC|BONUS|AT_CZ,total_games|bonus_count|at_count,True,2,bonus_count|at_count,,1|2|3|4|5|6,6,6,6,12,0.7|1,12,2500|3000,2,True,False,False,False,True,False,False,0,,,,False
dmm_slot_017.json,dmm_slot_017,スマスロ ハナビ,legacy_full,ceilingRules|counterDefinitions|machine|settingReferenceValues,,True,dmm_slot_017,dmm_slot_017.json,True,dmm_slot_017,スマスロ ハナビ,True,dmm_slot_017.json,True,dmm_slot,1,dmm_slot_017.json,1,dmm_slot_017.json,アクロス,BONUS,2026-02-02,True,True,均一化フェーズ対応。主判別はREG、補助はボーナス合算と風鈴に整理。スマスロ ハナビもREG主軸で揃え、風鈴は高ゲーム数時の補強に使う。,False,,https://p-town.dmm.com/machines/4928,https://1geki.jp/slot/l_hanabi/,0,,,5,total_games|big_count|reg_count|bonus_count|fuurin_count,総ゲーム数|BIG|REG|ボーナス合算|風鈴合算,BASIC|BONUS|BONUS|BONUS|SMALL_ROLE,total_games|big_count|reg_count|bonus_count|fuurin_count,True,4,reg_count|bonus_count|fuurin_count|big_count,,1|2|5|6,4,4,4,16,0.5|0.6|0.7|1,16,2500|3000|4000,4,True,True,True,False,False,False,False,0,,,,False
dmm_slot_018.json,dmm_slot_018,スマスロ 攻殻機動隊,legacy_full,ceilingRules|counterDefinitions|machine|settingReferenceValues,,True,dmm_slot_018,dmm_slot_018.json,True,dmm_slot_018,スマスロ 攻殻機動隊,True,dmm_slot_018.json,True,dmm_slot,1,dmm_slot_018.json,1,dmm_slot_018.json,,AT,,True,True,均一化フェーズ対応。主判別はAT初当り、補助はCZに整理。攻殻機動隊は2軸構成で見やすさを優先し、AT初当りを主軸に固定する。,False,,https://p-town.dmm.com/machines/4931,https://1geki.jp/slot/l_kokaku/,0,,,3,total_games|cz_count|at_count,総ゲーム数|CZ|AT初当り,BASIC|AT_CZ|AT_CZ,total_games|cz_count|at_count,True,2,at_count|cz_count,,1|2|3|4|5|6,6,6,6,12,0.7|1,12,2500|3000,2,False,False,False,True,True,False,False,0,,,,False
dmm_slot_019.json,dmm_slot_019,L範馬刃牙,legacy_full,ceilingRules|counterDefinitions|machine|settingReferenceValues,,True,dmm_slot_019,dmm_slot_019.json,True,dmm_slot_019,L範馬刃牙,True,dmm_slot_019.json,True,dmm_slot,2,dmm_slot_019.json|hanma_baki.json,1,dmm_slot_019.json,,AT,,True,True,均一化フェーズ対応。主判別はボーナス初当り、補助はAT初当りに整理。L範馬刃牙はボーナス初当りを主軸にしてブレを抑える。,False,,https://p-town.dmm.com/machines/4941,https://1geki.jp/slot/l_baki2/,0,,,3,total_games|bonus_count|at_count,総ゲーム数|ボーナス|AT初当り,BASIC|BONUS|AT_CZ,total_games|bonus_count|at_count,True,2,bonus_count|at_count,,1|2|3|4|5|6,6,6,6,12,0.7|1,12,2500|3000,2,True,False,False,False,True,False,False,0,,,,False
dmm_slot_020.json,dmm_slot_020,Lパチスロ 炎炎ノ消防隊2,legacy_full,ceilingRules|counterDefinitions|machine|settingReferenceValues,,True,dmm_slot_020,dmm_slot_020.json,True,dmm_slot_020,Lパチスロ 炎炎ノ消防隊2,True,dmm_slot_020.json,True,dmm_slot,1,dmm_slot_020.json,1,dmm_slot_020.json,,AT,,True,True,均一化フェーズ対応。主判別はボーナス初当り、補助はAT初当りに整理。炎炎ノ消防隊2も主軸はボーナス初当りで固定し、AT側は補助とする。,False,,https://p-town.dmm.com/machines/4926,https://1geki.jp/slot/l_ennenn2/,0,,,3,total_games|bonus_count|at_count,総ゲーム数|ボーナス初当り|炎炎ループ初当り,BASIC|BONUS|AT_CZ,total_games|bonus_count|at_count,True,2,bonus_count|at_count,,1|2|3|4|5|6,6,6,6,12,0.7|1,12,2500|3000,2,True,False,False,False,True,False,False,0,,,,False
dmm_slot_021.json,dmm_slot_021,ミクちゃんとイドムンのミラクルチャレンジ2,legacy_full,ceilingRules|counterDefinitions|machine|settingReferenceValues,,True,dmm_slot_021,dmm_slot_021.json,True,dmm_slot_021,ミクちゃんとイドムンのミラクルチャレンジ2,True,dmm_slot_021.json,True,dmm_slot,1,dmm_slot_021.json,1,dmm_slot_021.json,,BONUS,,True,True,均一化フェーズ対応。主判別はREG、補助はボーナス合算とチェリーに整理。ノーマル系としてREG主軸で揃え、チェリーは高ゲーム数時の補強に使う。,False,,https://p-town.dmm.com/machines/4471,https://1geki.jp/slot/s_mikuido2chal/,0,,,5,total_games|big_count|reg_count|bonus_count|cherry_count,総ゲーム数|BIG|REG|合算ボーナス|チェリー合算,BASIC|BONUS|BONUS|BONUS|SMALL_ROLE,total_games|big_count|reg_count|bonus_count|cherry_count,True,4,reg_count|bonus_count|cherry_count|big_count,,1|2|3|4|5|6,6,6,6,24,0.5|0.6|0.7|1,24,2500|3000|4000,4,True,True,True,False,False,True,False,0,,,,False
dmm_slot_022.json,dmm_slot_022,ニューシオサイ,legacy_full,ceilingRules|counterDefinitions|machine|settingReferenceValues,,True,dmm_slot_022,dmm_slot_022.json,True,dmm_slot_022,ニューシオサイ,True,dmm_slot_022.json,True,dmm_slot,1,dmm_slot_022.json,1,dmm_slot_022.json,,BONUS,,True,True,均一化フェーズ対応。主判別はREG、補助はボーナス合算とBIGに整理。ニューシオサイもREG主軸で全体の見やすさを優先する。,False,,https://p-town.dmm.com/machines/4476,https://1geki.jp/slot/s_newsiosai_sa/,0,,,4,total_games|big_count|reg_count|bonus_count,総ゲーム数|BIG|REG|合算ボーナス,BASIC|BONUS|BONUS|BONUS,total_games|big_count|reg_count|bonus_count,True,3,reg_count|bonus_count|big_count,,1|2|3|4|5|6,6,6,6,18,0.6|0.7|1,18,2500|3000,3,True,True,True,False,False,False,False,0,,,,False
dmm_slot_023.json,dmm_slot_023,パチスロ琉神−30 スイカバージョン,legacy_full,ceilingRules|counterDefinitions|machine|settingReferenceValues,,True,dmm_slot_023,dmm_slot_023.json,True,dmm_slot_023,パチスロ琉神−30 スイカバージョン,True,dmm_slot_023.json,True,dmm_slot,1,dmm_slot_023.json,1,dmm_slot_023.json,,BONUS,,True,True,均一化フェーズ対応。主判別はREG、補助はボーナス合算とBIGに整理。琉神-30もREG主軸で揃える。,False,,https://p-town.dmm.com/machines/4468,https://1geki.jp/slot/s_ryujin30/,0,,,4,total_games|big_count|reg_count|bonus_count,総ゲーム数|BIG|REG|合算ボーナス,BASIC|BONUS|BONUS|BONUS,total_games|big_count|reg_count|bonus_count,True,3,reg_count|bonus_count|big_count,,1|2|4|5|6,5,5,5,15,0.6|0.7|1,15,2500|3000,3,True,True,True,False,False,False,False,0,,,,False
dmm_slot_024.json,dmm_slot_024,L リングにかけろ1 V,legacy_full,ceilingRules|counterDefinitions|machine|settingReferenceValues,,True,dmm_slot_024,dmm_slot_024.json,True,dmm_slot_024,L リングにかけろ1 V,True,dmm_slot_024.json,True,dmm_slot,1,dmm_slot_024.json,1,dmm_slot_024.json,,AT,,True,True,均一化フェーズ対応。主判別はボーナス初当り、補助はAT初当りとCZに整理。リングにかけろ1 Vはボーナス初当りを主軸にして均一性を優先する。,False,,https://p-town.dmm.com/machines/4460,https://1geki.jp/slot/l_rinkake1v/,0,,,4,total_games|bonus_count|at_count|cz_count,総ゲーム数|ボーナス|ST|菊チャンス,BASIC|BONUS|AT_CZ|AT_CZ,total_games|bonus_count|at_count|cz_count,True,3,bonus_count|at_count|cz_count,,1|2|3|4|5|6,6,6,6,18,0.6|0.7|1,18,2500|3000,3,True,False,False,True,True,False,False,3,bonus_interval_ceiling|reset_shortened_ceiling|br_interval_ceiling,GAME_COUNT|GAME_COUNT|GAME_COUNT,999|666|1500,True
dmm_slot_025.json,dmm_slot_025,Lラブ嬢3〜Wご指名はいかがですか？〜,legacy_full,ceilingRules|counterDefinitions|machine|settingReferenceValues,,True,dmm_slot_025,dmm_slot_025.json,True,dmm_slot_025,Lラブ嬢3〜Wご指名はいかがですか？〜,True,dmm_slot_025.json,True,dmm_slot,1,dmm_slot_025.json,1,dmm_slot_025.json,,AT,,True,True,均一化フェーズ対応。主判別はAT初当り、補助はWラブラッシュに整理。ラブ嬢3は現行入力で確実に使える軸を優先し、無理に重い要素を増やさない。,False,,https://p-town.dmm.com/machines/4458,https://1geki.jp/slot/l_lovejou3/,0,,,3,total_games|at_count|wlove_rush_count,総ゲーム数|AT初当り|W LOVE RUSH,BASIC|AT_CZ|SPECIAL,total_games|at_count|wlove_rush_count,True,2,at_count|wlove_rush_count,,1|2|3|4|5|6,6,6,6,12,0.7|1,12,2500|3000,2,False,False,False,False,True,False,False,0,,,,False
dmm_slot_026.json,dmm_slot_026,L花の慶次～佐渡攻めの章〜,legacy_full,ceilingRules|counterDefinitions|machine|settingReferenceValues,,True,dmm_slot_026,dmm_slot_026.json,True,dmm_slot_026,L花の慶次～佐渡攻めの章〜,True,dmm_slot_026.json,True,dmm_slot,1,dmm_slot_026.json,1,dmm_slot_026.json,EXCITE,AT,2023-12-04,True,True,均一化フェーズ対応。主判別はボーナス初当り、補助はAT初当りに整理。花の慶次 佐渡攻めの章はボーナス初当り主軸で全体を整える。,False,,https://p-town.dmm.com/machines/4456,https://1geki.jp/slot/l_keiji_sado/,0,,,3,total_games|bonus_count|at_count,総ゲーム数|初当り|修羅の刻初当り,BASIC|BONUS|AT_CZ,total_games|bonus_count|at_count,True,2,bonus_count|at_count,,1|2|3|4|5|6,6,6,6,12,0.7|1,12,2500|3000,2,True,False,False,False,True,False,False,1,normal_game_ceiling,GAME_COUNT,1000,True
dmm_slot_027.json,dmm_slot_027,スマスロモンキーターンV,legacy_full,ceilingRules|counterDefinitions|machine|settingReferenceValues,,True,dmm_slot_027,dmm_slot_027.json,True,dmm_slot_027,スマスロモンキーターンV,True,dmm_slot_027.json,True,dmm_slot,1,dmm_slot_027.json,1,dmm_slot_027.json,山佐,AT,2023-12-04,True,True,均一化フェーズ対応。主判別はAT初当り、補助はCZに整理。スマスロモンキーターンVはAT初当り主軸で見やすさを優先する。,False,,https://p-town.dmm.com/machines/4450,https://1geki.jp/slot/l_monkeyturn5/,0,,,2,total_games|at_count,総ゲーム数|AT初当り,BASIC|AT_CZ,total_games|at_count,True,1,at_count,,1|2|4|5|6,5,5,5,5,1,5,2500,1,False,False,False,False,True,False,False,2,game_count_ceiling|cycle_ceiling,GAME_COUNT|THROUGH_COUNT,795|6,True
dmm_slot_028.json,dmm_slot_028,クランキークレスト,legacy_full,ceilingRules|counterDefinitions|machine|settingReferenceValues,,True,dmm_slot_028,dmm_slot_028.json,True,dmm_slot_028,クランキークレスト,True,dmm_slot_028.json,True,dmm_slot,1,dmm_slot_028.json,1,dmm_slot_028.json,,BONUS,,True,True,均一化フェーズ対応。主判別はREG、補助はボーナス合算とベルAに整理。クランキークレストもREG主軸で均一化する。,False,,https://p-town.dmm.com/machines/4449,https://1geki.jp/slot/s_crankycrest/,0,,,5,total_games|big_count|reg_count|bonus_count|bell_a_count,総ゲーム数|BIG|REG|合算ボーナス|ベルA,BASIC|BONUS|BONUS|BONUS|SMALL_ROLE,total_games|big_count|reg_count|bonus_count|bell_a_count,True,4,reg_count|bonus_count|bell_a_count|big_count,,1|2|5|6,4,4,4,16,0.5|0.6|0.7|1,16,2500|3000|4000,4,True,True,True,False,False,True,False,0,,,,False
dmm_slot_029.json,dmm_slot_029,マジカルハロウィン８,legacy_full,ceilingRules|counterDefinitions|machine|settingReferenceValues,,True,dmm_slot_029,dmm_slot_029.json,True,dmm_slot_029,マジカルハロウィン８,True,dmm_slot_029.json,True,dmm_slot,1,dmm_slot_029.json,1,dmm_slot_029.json,,HYBRID,,True,True,均一化フェーズ対応。主判別はREG、補助はCZとAT初当りに整理。マジカルハロウィン8はREGを軸にし、AT初当りは補助評価に留める。,False,,https://p-town.dmm.com/machines/4423,https://1geki.jp/slot/l_magicalhalloween8/,0,,,5,total_games|big_count|reg_count|cz_count|at_count,総ゲーム数|BIG|REG|どこまじ|ART初当り,BASIC|BONUS|BONUS|SPECIAL|AT_CZ,total_games|big_count|reg_count|cz_count|at_count,True,4,reg_count|cz_count|at_count|big_count,,1|2|3|4|5|6,6,6,6,24,0.5|0.6|0.7|1,24,2500|3000,4,False,True,True,True,True,False,False,0,,,,False
dmm_slot_030.json,dmm_slot_030,推しスロ アイドルVer.,legacy_full,ceilingRules|counterDefinitions|machine|settingReferenceValues,,True,dmm_slot_030,dmm_slot_030.json,True,dmm_slot_030,推しスロ アイドルVer.,True,dmm_slot_030.json,True,dmm_slot,1,dmm_slot_030.json,1,dmm_slot_030.json,タツミコーポレーション,BONUS,2023-12-01,True,True,draft: DMM/一撃でメーカー・導入日・150G天井を確認して整備。台枠ランプ色などの直接示唆が主軸で、総ゲーム数分母に落とせる全設定比較値を安全に抽出できないため settingReferenceValues は未実装のまま保持。公開比較値が確認でき次第 partial 化。,False,,https://p-town.dmm.com/machines/4455,https://1geki.jp/slot/s_oshisloaid/,0,,,1,total_games,総ゲーム数,BASIC,total_games,True,0,,,,0,,,0,,0,,0,False,False,False,False,False,False,False,1,ゲーム数天井,,,True
dmm_slot_031.json,dmm_slot_031,パチスロ ケンガンアシュラ,legacy_full,ceilingRules|counterDefinitions|machine|settingReferenceValues,,True,dmm_slot_031,dmm_slot_031.json,True,dmm_slot_031,パチスロ ケンガンアシュラ,True,dmm_slot_031.json,True,dmm_slot,1,dmm_slot_031.json,1,dmm_slot_031.json,,AT,,True,True,均一化フェーズ対応。主判別はAT初当り、補助はCZに整理。ケンガンアシュラはAT初当り主軸で見やすさを優先する。,False,,https://p-town.dmm.com/machines/4434,https://1geki.jp/slot/l_kengan_ashura/,0,,,3,total_games|cz_count|at_count,総ゲーム数|CZトータル|AT初当り,BASIC|AT_CZ|AT_CZ,total_games|cz_count|at_count,True,2,at_count|cz_count,,1|2|3|4|5|6,6,6,6,12,0.7|1,12,2500|3000,2,False,False,False,True,True,False,False,0,,,,False
dmm_slot_032.json,dmm_slot_032,Sちゅらちゅら,legacy_full,ceilingRules|counterDefinitions|machine|settingReferenceValues,,True,dmm_slot_032,dmm_slot_032.json,True,dmm_slot_032,Sちゅらちゅら,True,dmm_slot_032.json,True,dmm_slot,1,dmm_slot_032.json,1,dmm_slot_032.json,,BONUS,,True,True,均一化フェーズ対応。主判別はREG、補助はボーナス合算とBIGに整理。ちゅらちゅらもREG主軸で揃える。,False,,https://p-town.dmm.com/machines/4486,,0,,,4,total_games|big_count|reg_count|bonus_count,総ゲーム数|BIG|REG|合算ボーナス,BASIC|BONUS|BONUS|BONUS,total_games|big_count|reg_count|bonus_count,True,3,reg_count|bonus_count|big_count,,1|2|3|4|5|6,6,6,6,18,0.6|0.7|1,18,2500|3000,3,True,True,True,False,False,False,False,0,,,,False
dmm_slot_033.json,dmm_slot_033,L ひぐらしのなく頃に 業,legacy_full,ceilingRules|counterDefinitions|machine|settingReferenceValues,,True,dmm_slot_033,dmm_slot_033.json,True,dmm_slot_033,L ひぐらしのなく頃に 業,True,dmm_slot_033.json,True,dmm_slot,1,dmm_slot_033.json,1,dmm_slot_033.json,,HYBRID,,True,True,均一化フェーズ対応。主判別はREG、補助はボーナス合算と共通ベルに整理。ひぐらし業はREG主軸で揃え、小役は高ゲーム数時の補強に使う。,False,,https://p-town.dmm.com/machines/4447,https://1geki.jp/slot/l_higurashi_gou/,0,,,6,total_games|big_count|reg_count|bonus_count|common_bell_count|suika_count,総ゲーム数|BB合算|RB|ボーナス合算|共通ベル|スイカ,BASIC|BONUS|BONUS|BONUS|SMALL_ROLE|SMALL_ROLE,total_games|big_count|reg_count|bonus_count|common_bell_count|suika_count,True,5,reg_count|bonus_count|common_bell_count|suika_count|big_count,,1|2|3|4|5|6,6,6,6,30,0.5|0.6|0.7|1,30,2500|3000|4000,5,True,True,True,False,False,True,False,0,,,,False
dmm_slot_034.json,dmm_slot_034,スマスロとある魔術の禁書目録,legacy_full,ceilingRules|counterDefinitions|machine|settingReferenceValues,,True,dmm_slot_034,dmm_slot_034.json,True,dmm_slot_034,スマスロとある魔術の禁書目録,True,dmm_slot_034.json,True,dmm_slot,1,dmm_slot_034.json,1,dmm_slot_034.json,,AT,,True,True,均一化フェーズ対応。主判別はAT初当り、補助はCZ、重い分母はEP/SPに整理。とある魔術の禁書目録はAT初当り主軸で、EP/SPは重い分母として低weightで扱う。,False,,https://p-town.dmm.com/machines/4445,https://1geki.jp/slot/l_toaru_index/,0,,,4,total_games|cz_count|at_count|ep_sp_count,総ゲーム数|BREAK BATTLE|AT初当り|EP&SP当選,BASIC|AT_CZ|AT_CZ|SPECIAL,total_games|cz_count|at_count|ep_sp_count,True,3,at_count|cz_count|ep_sp_count,,1|2|3|4|5|6,6,6,6,18,0.25|0.7|1,18,2500|3000|12000,3,False,False,False,True,True,False,False,0,,,,False
dmm_slot_035.json,dmm_slot_035,デジスロ JAC INバージョン,legacy_full,ceilingRules|counterDefinitions|machine|settingReferenceValues,,True,dmm_slot_035,dmm_slot_035.json,True,dmm_slot_035,デジスロ JAC INバージョン,True,dmm_slot_035.json,True,dmm_slot,1,dmm_slot_035.json,1,dmm_slot_035.json,,BONUS,,True,True,均一化フェーズ対応。主判別はREG、補助はボーナス合算とBIGに整理。JAC INバージョンもREG主軸で均一化する。,False,,https://p-town.dmm.com/machines/4433,https://1geki.jp/slot/s_digislo_jacin/,0,,,4,total_games|big_count|reg_count|bonus_count,総ゲーム数|BIG|REG|合算ボーナス,BASIC|BONUS|BONUS|BONUS,total_games|big_count|reg_count|bonus_count,True,3,reg_count|bonus_count|big_count,,1|2|3|4,4,4,4,12,0.6|0.7|1,12,2500|3000,3,True,True,True,False,False,False,False,0,,,,False
dmm_slot_036.json,dmm_slot_036,L大工の源さん超夢源,legacy_full,ceilingRules|counterDefinitions|machine|settingReferenceValues,,True,dmm_slot_036,dmm_slot_036.json,True,dmm_slot_036,L大工の源さん超夢源,True,dmm_slot_036.json,True,dmm_slot,1,dmm_slot_036.json,1,dmm_slot_036.json,,AT,,True,True,均一化フェーズ対応。主判別はボーナス初当り、補助はCZに整理。大工の源さん超夢源は無理に軸を増やさず、現行入力で使いやすい2軸を優先する。,False,,https://p-town.dmm.com/machines/4428,https://1geki.jp/slot/l_d_gensantyomugen/,0,,,3,total_games|bonus_count|cz_count,総ゲーム数|ボーナス初当り|源チャレンジ,BASIC|BONUS|AT_CZ,total_games|bonus_count|cz_count,True,2,bonus_count|cz_count,,1|2|4|5|6,5,5,5,10,0.7|1,10,2500|3000,2,True,False,False,True,False,False,False,0,,,,False
dmm_slot_037.json,dmm_slot_037,スマスロ劇場版 魔法少女まどか☆マギカ[前編]始まりの物語／[後編]永遠の物語f-フォルテ-,legacy_full,ceilingRules|counterDefinitions|machine|settingReferenceValues,,True,dmm_slot_037,dmm_slot_037.json,True,dmm_slot_037,スマスロ劇場版 魔法少女まどか☆マギカ[前編]始まりの物語／[後編]永遠の物語f-フォルテ-,True,dmm_slot_037.json,True,dmm_slot,1,dmm_slot_037.json,1,dmm_slot_037.json,,AT,,True,True,均一化フェーズ対応。主判別はボーナス初当り、補助は弱チェリー、重い分母はソウルジェム関連に整理。まどかf-フォルテ-はボーナス初当り主軸で扱う。,False,,https://p-town.dmm.com/machines/4420,https://1geki.jp/slot/l_madomagimov_forte/,0,,,4,total_games|bonus_count|weak_cherry_count|soul_gem_count,総ゲーム数|ボーナス初当り|弱チェリー|ソウルジェム発動,BASIC|BONUS|SMALL_ROLE|SPECIAL,total_games|bonus_count|weak_cherry_count|soul_gem_count,True,3,bonus_count|weak_cherry_count|soul_gem_count,,1|2|3|4|5|6,6,6,6,18,0.25|0.6|1,18,2500|4000|12000,3,True,False,False,False,False,True,False,0,,,,False
dmm_slot_038.json,dmm_slot_038,パチスロ交響詩篇エウレカセブン HI-EVOLUTION ZERO TYPE-ART,legacy_full,ceilingRules|counterDefinitions|machine|settingReferenceValues,,True,dmm_slot_038,dmm_slot_038.json,True,dmm_slot_038,パチスロ交響詩篇エウレカセブン HI-EVOLUTION ZERO TYPE-ART,True,dmm_slot_038.json,True,dmm_slot,1,dmm_slot_038.json,1,dmm_slot_038.json,,ART,,True,True,均一化フェーズ対応。主判別はREG、補助はCZとAT初当りに整理。エウレカHI-EVOLUTION ZERO TYPE-ARTはREG主軸で揃え、ATは補助に留める。,False,,https://p-town.dmm.com/machines/4419,https://1geki.jp/slot/s_eurekahievo_art/,0,,,5,total_games|big_count|reg_count|cz_count|at_count,総ゲーム数|BB合算|RB合算|CM初当り|初当り合算,BASIC|BONUS|BONUS|AT_CZ|AT_CZ,total_games|big_count|reg_count|cz_count|at_count,True,4,reg_count|cz_count|at_count|big_count,,1|2|3|4|5|6,6,6,6,24,0.5|0.6|0.7|1,24,2500|3000,4,False,True,True,True,True,False,False,0,,,,False
dmm_slot_039.json,dmm_slot_039,L エヴァンゲリオン ～未来への創造～,legacy_full,ceilingRules|counterDefinitions|machine|settingReferenceValues,,True,dmm_slot_039,dmm_slot_039.json,True,dmm_slot_039,L エヴァンゲリオン ～未来への創造～,True,dmm_slot_039.json,True,dmm_slot,1,dmm_slot_039.json,1,dmm_slot_039.json,,AT,,True,True,均一化フェーズ対応。主判別はボーナス初当り、補助はAT初当りに整理。L エヴァンゲリオン ～未来への創造～はボーナス初当り主軸で整える。,False,,https://p-town.dmm.com/machines/4414,https://1geki.jp/slot/l_evasloasu/,0,,,3,total_games|bonus_count|at_count,総ゲーム数|初当り|AT,BASIC|BONUS|AT_CZ,total_games|bonus_count|at_count,True,2,bonus_count|at_count,,1|2|4|5|6,5,5,5,10,0.7|1,10,2500|3000,2,True,False,False,False,True,False,False,0,,,,False
dmm_slot_040.json,dmm_slot_040,スーハナライジング-30,legacy_full,ceilingRules|counterDefinitions|machine|settingReferenceValues,,True,dmm_slot_040,dmm_slot_040.json,True,dmm_slot_040,スーハナライジング-30,True,dmm_slot_040.json,True,dmm_slot,1,dmm_slot_040.json,1,dmm_slot_040.json,,BONUS,,True,True,均一化フェーズ対応。主判別はREG、補助はボーナス合算と共通ベルAに整理。スーハナライジング-30もREG主軸で均一化する。,False,,https://p-town.dmm.com/machines/4409,https://1geki.jp/slot/s_suhana_rising30/,0,,,5,total_games|big_count|reg_count|bonus_count|common_bell_a_count,総ゲーム数|BIG|REG|合算ボーナス|共通ベルA,BASIC|BONUS|BONUS|BONUS|SMALL_ROLE,total_games|big_count|reg_count|bonus_count|common_bell_a_count,True,4,reg_count|bonus_count|common_bell_a_count|big_count,,1|2|3|5|6,5,5,5,20,0.5|0.6|0.7|1,20,2500|3000|4000,4,True,True,True,False,False,True,False,0,,,,False
enen.json,enen,パチスロ 炎炎ノ消防隊,simple_reference,id|name|settingReferenceValues,,False,,,False,,,False,,True,,3,enen.json|fire_force.json|list_slot_025.json,1,enen.json,,,,,False,,False,,,,0,,,0,,,,,False,4,at_hit|cz|weak_cherry|direct_at,AT初当り|CZ確率|弱チェリー|AT直撃,,0,6,6,0,,0,,0,False,False,False,True,True,True,False,0,,,,False
eureka_zero.json,eureka_zero,エウレカセブン HI-EVOLUTION ZERO TYPE-ART,modern_inference,counters|id|inferenceElements|name|notes|siteLinks,,False,,,False,,,False,,True,,1,eureka_zero.json,1,eureka_zero.json,,,,,False,,True,precision batch next,https://p-town.dmm.com,https://1geki.jp,2,DMM|一撃,https://p-town.dmm.com|https://1geki.jp,3,total_games|cz|at,ゲーム数|CZ|AT,,,True,2,cz_probability|at_probability,,1|2|3|4|5|6,6,6,6,2,1.0|1.2,2,500,0,False,False,False,True,True,False,False,0,,,,False
fire_force.json,fire_force,パチスロ 炎炎ノ消防隊,modern_inference,counters|id|inferenceElements|name|notes|siteLinks,,False,,,False,,,False,,True,,3,enen.json|fire_force.json|list_slot_025.json,1,fire_force.json,,,,,False,,True,precision batch next,https://p-town.dmm.com,https://1geki.jp,2,DMM|一撃,https://p-town.dmm.com|https://1geki.jp,3,total_games|cz|at,ゲーム数|CZ|AT,,,True,2,cz_probability|at_probability,,1|2|3|4|5|6,6,6,6,2,1.0|1.2,2,500,0,False,False,False,True,True,False,False,0,,,,False
funky_juggler_2.json,funky_juggler_2,ファンキージャグラー2,legacy_full,ceilingRules|counterDefinitions|machine|settingReferenceValues,,True,funky_juggler_2,funky_juggler_2.json,False,,,True,funky_juggler_2.json,True,,1,funky_juggler_2.json,1,funky_juggler_2.json,Kita Denshi,BONUS,2025-01-01,True,True,均一化フェーズ対応。主判別はREG、補助はぶどうとBIGに整理。ファンキー系もREGを主軸とし、ぶどうは高ゲーム数時の補強に使う。,False,,https://p-town.dmm.com/machines/3961,https://1geki.jp/slot/s_funkyjuggler2/,0,,,5,total_games|big_count|reg_count|grape_count|cherry_count,総ゲーム数|BIG|REG|ぶどう|チェリー,BASIC|BONUS|BONUS|SMALL_ROLE|SMALL_ROLE,total_games|big_count|reg_count|grape_count|cherry_count,True,3,reg_count|grape_count|big_count,,1|2|3|4|5|6,6,6,6,18,0.6|0.7|1,18,2500|3000|4000,3,False,True,True,False,False,False,False,0,,,,False
ghost_shell.json,ghost_shell,スマスロ攻殻機動隊,modern_inference,counters|id|inferenceElements|name|notes|siteLinks,,False,,,False,,,False,,True,,1,ghost_shell.json,1,ghost_shell.json,,,,,False,,True,precision batch next,https://p-town.dmm.com,https://1geki.jp,2,DMM|一撃,https://p-town.dmm.com|https://1geki.jp,3,total_games|cz|at,ゲーム数|CZ|AT,,,True,2,cz_probability|at_probability,,1|2|3|4|5|6,6,6,6,2,1.0|1.2,2,500,0,False,False,False,True,True,False,False,0,,,,False
goblin_slayer.json,goblin_slayer,Lゴブリンスレイヤー,simple_reference,id|name|settingReferenceValues,,False,,,False,,,False,,True,,2,goblin_slayer.json|list_slot_001.json,1,goblin_slayer.json,,,,,False,,False,,,,0,,,0,,,,,False,4,at_hit|cz|small_role|direct_at,AT初当り|CZ確率|小役|AT直撃,,0,6,6,0,,0,,0,False,False,False,True,True,True,True,0,,,,False
godzilla.json,godzilla,Lゴジラ,modern_inference,counters|id|inferenceElements|name|notes|siteLinks,,False,,,False,,,False,,True,,2,godzilla.json|list_slot_019.json,1,godzilla.json,,,,,False,,True,precision batch remaining,https://p-town.dmm.com,https://1geki.jp,2,DMM|一撃,https://p-town.dmm.com|https://1geki.jp,3,total_games|cz|at,ゲーム数|CZ|AT,,,True,1,cz_probability,,1|2|3|4|5|6,6,6,6,1,1.0,1,500,0,False,False,False,True,False,False,False,0,,,,False
gogo_juggler_3.json,gogo_juggler_3,ゴーゴージャグラー3,legacy_full,ceilingRules|counterDefinitions|machine|settingReferenceValues,,True,gogo_juggler_3,gogo_juggler_3.json,False,,,True,gogo_juggler_3.json,True,,1,gogo_juggler_3.json,1,gogo_juggler_3.json,Kita Denshi,BONUS,2025-01-01,True,True,均一化フェーズ対応。主判別はREG、補助はぶどうとBIGに整理。ゴージャグ系もREGを主軸にして、ぶどうは高ゲーム数時の補強とする。,False,,https://p-town.dmm.com/machines/4375,https://1geki.jp/slot/s_gogojuggler3/,0,,,5,total_games|big_count|reg_count|grape_count|cherry_count,総ゲーム数|BIG|REG|ぶどう|チェリー,BASIC|BONUS|BONUS|SMALL_ROLE|SMALL_ROLE,total_games|big_count|reg_count|grape_count|cherry_count,True,3,reg_count|grape_count|big_count,,1|2|3|4|5|6,6,6,6,18,0.6|0.7|1,18,2500|3000|4000,3,False,True,True,False,False,False,False,0,,,,False
hanma_baki.json,hanma_baki,L範馬刃牙,modern_inference,counters|id|inferenceElements|name|notes|siteLinks,,False,,,False,,,False,,True,,2,dmm_slot_019.json|hanma_baki.json,1,hanma_baki.json,,,,,False,,True,precision batch next,https://p-town.dmm.com,https://1geki.jp,2,DMM|一撃,https://p-town.dmm.com|https://1geki.jp,3,total_games|cz|at,ゲーム数|CZ|AT,,,True,2,cz_probability|at_probability,,1|2|3|4|5|6,6,6,6,2,1.0|1.2,2,500,0,False,False,False,True,True,False,False,0,,,,False
happy_juggler_v3.json,happy_juggler_v3,ハッピージャグラーV III,legacy_full,ceilingRules|counterDefinitions|machine|settingReferenceValues,,True,happy_juggler_v3,happy_juggler_v3.json,False,,,True,happy_juggler_v3.json,True,,1,happy_juggler_v3.json,1,happy_juggler_v3.json,Kita Denshi,BONUS,2025-01-01,True,True,均一化フェーズ対応。主判別はREG、補助はぶどうとBIGに整理。ハッピー系はREGを最優先にし、ぶどうとBIGは補助として扱う。,False,,https://p-town.dmm.com/machines/4230,https://1geki.jp/slot/s_happyjuggler8/,0,,,5,total_games|big_count|reg_count|grape_count|cherry_count,総ゲーム数|BIG|REG|ぶどう|チェリー,BASIC|BONUS|BONUS|SMALL_ROLE|SMALL_ROLE,total_games|big_count|reg_count|grape_count|cherry_count,True,3,reg_count|grape_count|big_count,,1|2|3|4|5|6,6,6,6,18,0.6|0.7|1,18,2500|3000|4000,3,False,True,True,False,False,False,False,0,,,,False
hokuto.json,hokuto,L北斗の拳,legacy_full,ceilingRules|counterDefinitions|machine|settingReferenceValues,,True,hokuto,hokuto.json,False,,,True,hokuto.json,True,,1,hokuto.json,1,hokuto.json,サミー,AT,2023-04-03,True,True,均一化フェーズ用に再整理。主判別は初当りBB、補助は弱スイカと強スイカ。リーチ目役は設定差が大きいが重い分母のため低weight補助へ固定し、現行UIでは長時間実戦の裏付け要素として扱う。初当りは2000G超、弱スイカは3000G級、強スイカは3000〜4000G級で比較推奨。,False,,https://p-town.dmm.com/machines/4301,https://1geki.jp/slot/l_hokutonoken/,0,,,8,total_games|at_count|weak_suika_count|strong_suika_count|reach_role_count|cz_count|bonus_count|direct_hit_count,総ゲーム数|初当りBB|弱スイカ|強スイカ|リーチ目役|CZ/天井短縮当選|ボーナス|直撃AT,BASIC|AT_CZ|SMALL_ROLE|SMALL_ROLE|SMALL_ROLE|AT_CZ|BONUS|SPECIAL,total_games|at_count|weak_suika_count|strong_suika_count|reach_role_count,True,4,at_count|weak_suika_count|strong_suika_count|reach_role_count,,1|2|3|4|5|6,6,6,6,24,0.35|0.6|0.72|1.0,24,1|6|10|28,4,False,False,False,False,True,True,True,2,normal_game_ceiling|reset_game_ceiling,GAME_COUNT|GAME_COUNT,1268|800,True
hokuto_tensei_2.json,hokuto_tensei_2,スマスロ 北斗の拳 転生の章2,legacy_full,ceilingRules|counterDefinitions|machine|settingReferenceValues,,True,hokuto_tensei_2,hokuto_tensei_2.json,True,hokuto_tensei_2,スマスロ 北斗の拳 転生の章2,True,hokuto_tensei_2.json,True,,1,hokuto_tensei_2.json,1,hokuto_tensei_2.json,サミー,AT,2026-01-05,True,True,厳密名称対応後の精度補完版。主判別はAT初当り。通常時はあべし管理型で、モードごとに天井あべしが変化する。現時点で安全に確認できた公開比較値はAT初当りのみのため、天破の刻・AT直撃・示唆演出はメモ入力用に残し、settingReferenceValuesには未反映。,False,,https://p-town.dmm.com/machines/4909,https://1geki.jp/slot/l_hokuto_tensei2/,0,,,5,total_games|at_count|tenha_count|direct_hit_count|small_role_count,総ゲーム数|AT初当り|天破の刻|AT直撃|レア役/示唆補助,BASIC|AT_CZ|AT_CZ|SPECIAL|SMALL_ROLE,total_games|at_count|tenha_count,True,1,at_count,,1|2|3|4|5|6,6,6,6,6,1.0,6,6,1,False,False,False,False,True,False,False,1,abeshi_max_ceiling,POINT,1536,True
im_juggler_ex.json,im_juggler_ex,アイムジャグラーEX,legacy_full,ceilingRules|counterDefinitions|machine|settingReferenceValues,,True,im_juggler_ex,im_juggler_ex.json,False,,,True,im_juggler_ex.json,True,,1,im_juggler_ex.json,1,im_juggler_ex.json,Kita Denshi,BONUS,2025-01-01,True,True,均一化フェーズ対応。主判別はREG、補助はぶどうとBIGに整理。アイム系はREGを主軸にし、ぶどうを高ゲーム数時の補強、BIGは補助に留める。,False,,https://p-town.dmm.com/machines/3626,https://1geki.jp/slot/s_ij_ex_6/,0,,,5,total_games|big_count|reg_count|grape_count|cherry_count,総ゲーム数|BIG|REG|ぶどう|チェリー,BASIC|BONUS|BONUS|SMALL_ROLE|SMALL_ROLE,total_games|big_count|reg_count|grape_count|cherry_count,True,3,reg_count|grape_count|big_count,,1|2|3|4|5|6,6,6,6,18,0.6|0.7|1,18,2500|3000|4000,3,False,True,True,False,False,False,False,0,,,,False
kabaneri.json,kabaneri,パチスロ 甲鉄城のカバネリ,legacy_full,ceilingRules|counterDefinitions|machine|settingReferenceValues,,True,kabaneri,kabaneri.json,False,,,True,kabaneri.json,True,,1,kabaneri.json,1,kabaneri.json,サミー,AT,2022-07-04,True,True,均一化フェーズ用に再整理。主判別はAT初当り、補助はCZ初当りとボーナス初当り。直撃ATや高確示唆は重い分母・UI外要素のため補助メモ運用とし、現行推測は見える数値に寄せて安定度を優先。ATは2000G超、CZとボーナスは2500〜3000G級で比較推奨。,False,,https://p-town.dmm.com/machines/4160,https://1geki.jp/slot/s_kabaneri/,0,,,6,total_games|bonus_count|at_count|common_bell_count|cz_count|direct_hit_count,総ゲーム数|初当りボーナス|ST|共通6枚ベル|CZ|直撃AT,BASIC|BONUS|AT_CZ|SMALL_ROLE|AT_CZ|SPECIAL,total_games|bonus_count|at_count|common_bell_count,True,3,bonus_count|at_count|common_bell_count,,1|2|3|4|5|6,6,6,6,18,0.68|1.0|1.6,18,6|80,3,True,False,False,False,True,True,False,3,normal_game_ceiling|shortened_game_ceiling|suruga_bonus_through,GAME_COUNT|GAME_COUNT|THROUGH_COUNT,1000|650|4,True
kabaneri_kaimon.json,kabaneri_kaimon,スマスロ 甲鉄城のカバネリ 海門決戦,modern_inference,counters|id|inferenceElements|name|notes|siteLinks,,False,,,False,,,False,,True,,1,kabaneri_kaimon.json,1,kabaneri_kaimon.json,,,,,False,,True,precision batch next,https://p-town.dmm.com,https://1geki.jp,2,DMM|一撃,https://p-town.dmm.com|https://1geki.jp,3,total_games|cz|at,ゲーム数|CZ|AT,,,True,2,cz_probability|at_probability,,1|2|3|4|5|6,6,6,6,2,1.0|1.2,2,500,0,False,False,False,True,True,False,False,0,,,,False
kamen_rider_denoh.json,kamen_rider_denoh,L仮面ライダー電王,modern_inference,counters|id|inferenceElements|name|notes|siteLinks,,False,,,False,,,False,,True,,2,kamen_rider_denoh.json|list_slot_021.json,1,kamen_rider_denoh.json,,,,,False,,True,precision batch remaining,https://p-town.dmm.com,https://1geki.jp,2,DMM|一撃,https://p-town.dmm.com|https://1geki.jp,3,total_games|cz|at,ゲーム数|CZ|AT,,,True,1,cz_probability,,1|2|3|4|5|6,6,6,6,1,1.0,1,500,0,False,False,False,True,False,False,False,0,,,,False
karakuri.json,karakuri,からくりサーカス,placeholder_or_other,id|name|notes,,False,,,False,,,False,,True,,1,karakuri.json,1,karakuri.json,,,,,False,,True,初当り主軸。CZは補助。直撃は強いが重い。,,,0,,,0,,,,,False,0,,,,0,,,0,,0,,0,False,False,False,False,False,False,False,0,,,,False
karakuri_circus.json,karakuri_circus,Lからくりサーカス,legacy_full,ceilingRules|counterDefinitions|machine|settingReferenceValues,,True,karakuri_circus,karakuri_circus.json,False,,,True,karakuri_circus.json,True,,1,karakuri_circus.json,1,karakuri_circus.json,SANKYO,AT,2023-07-03,True,True,均一化フェーズ用に再整理。主判別はAT初当り、補助はCZ初当り。直撃ATは重い分母のため低weightの補助メモ扱いに固定し、終了画面や示唆演出は現行UI外のため別メモ推奨。ATは2000G超、CZは2500〜3000G級で比較するとブレが減る。,False,,https://p-town.dmm.com/machines/4360,https://1geki.jp/slot/l_karakuricircus/,0,,,5,total_games|cz_count|at_count|bonus_count|direct_hit_count,総ゲーム数|CZ|AT|ボーナス|直撃AT,BASIC|AT_CZ|AT_CZ|BONUS|SPECIAL,total_games|cz_count|at_count,True,2,cz_count|at_count,,1|2|3|4|5|6,6,6,6,12,0.72|1.0,12,6|8,2,False,False,False,True,True,False,False,3,game_cz_ceiling|cz_through_ceiling|at_interval_ceiling,GAME_COUNT|THROUGH_COUNT|GAME_COUNT,1200|5|2500,True
kengan.json,kengan,Lケンガンアシュラ,modern_inference,counters|id|inferenceElements|name|notes|siteLinks,,False,,,False,,,False,,True,,1,kengan.json,1,kengan.json,,,,,False,,True,precision batch next,https://p-town.dmm.com,https://1geki.jp,2,DMM|一撃,https://p-town.dmm.com|https://1geki.jp,3,total_games|cz|at,ゲーム数|CZ|AT,,,True,2,cz_probability|at_probability,,1|2|3|4|5|6,6,6,6,2,1.0|1.2,2,500,0,False,False,False,True,True,False,False,0,,,,False
list_slot_001.json,list_slot_001,Lゴブリンスレイヤー,legacy_full,ceilingRules|counterDefinitions|machine|settingReferenceValues,,True,list_slot_001,list_slot_001.json,True,list_slot_001,Lゴブリンスレイヤー,True,list_slot_001.json,True,list_slot,2,goblin_slayer.json|list_slot_001.json,1,list_slot_001.json,オレンジ,AT,2023-04-17,True,True,DMM機種ページと設定差特集を再監査。主判別は共通ベル、次点でAT初当り。CZは周期開始契機や内部状態でブレやすいため補助へ調整した。共通ベルは通常時から完全判別できるため最重要。ATは重い分母、周期CZは長時間実戦向け。,False,,https://p-town.dmm.com/machines/4340,https://1geki.jp/slot/s_l_goblinslayer/,0,,,4,total_games|at_count|common_bell_count|cz_count,総ゲーム数|AT初当り|共通ベル|CZ合算,BASIC|AT_CZ|SMALL_ROLE|AT_CZ,total_games|at_count|common_bell_count|cz_count,True,3,at_count|common_bell_count|cz_count,,1|2|3|4|5|6,6,6,6,18,0.58|0.95|1.3,18,4|8|30,3,False,False,False,True,True,True,False,1,normal_game_ceiling,GAME_COUNT,1500,True
list_slot_002.json,list_slot_002,L戦国乙女4 戦乱に閃く炯眼の軍師,legacy_full,ceilingRules|counterDefinitions|machine|settingReferenceValues,,True,list_slot_002,list_slot_002.json,True,list_slot_002,L戦国乙女4 戦乱に閃く炯眼の軍師,True,list_slot_002.json,True,list_slot,2,list_slot_002.json|sengoku_otome4.json,1,list_slot_002.json,OLYMPIA ESTATE,AT,2023-09-04,True,True,均一化フェーズ対応。主判別は初当り(ボーナス+AT)、補助は乙女アタック、重い分母は通常時AT直撃で統一。強カワループなど特殊状態の影響を受ける直撃は過信せず、初当りとCZを主軸に見る。,False,,https://p-town.dmm.com/machines/4395,https://1geki.jp/slot/l_otome_keigan/,0,,,4,total_games|bonus_count|direct_hit_count|cz_count,総ゲーム数|初当り(ボーナス+AT)|通常時AT直撃|乙女アタック,BASIC|BONUS|SPECIAL|AT_CZ,total_games|bonus_count|direct_hit_count|cz_count,True,3,bonus_count|cz_count|direct_hit_count,,1|2|3|4|5|6,6,6,6,18,0.25|0.7|1,18,1|4|5,3,True,False,False,True,False,False,False,2,normal_game_ceiling|bonus_through_ceiling,GAME_COUNT|THROUGH_COUNT,799|7,True
list_slot_003.json,list_slot_003,スマスロ コードギアス反逆のルルーシュ／復活のルルーシュ,legacy_full,ceilingRules|counterDefinitions|machine|settingReferenceValues,,True,list_slot_003,list_slot_003.json,True,list_slot_003,スマスロ コードギアス反逆のルルーシュ／復活のルルーシュ,True,list_slot_003.json,True,list_slot,1,list_slot_003.json,1,list_slot_003.json,Sammy,AT,2024-02-05,True,True,均一化フェーズ対応。主判別は通常時ボーナス初当り、補助はAT初当り、重い分母はAT直撃で統一。CZや通常Cはメモ要素として別管理し、現行UIでは入力しやすい3軸に絞って評価する。,False,,https://p-town.dmm.com/machines/4477,https://1geki.jp/slot/l_codegeass/,0,,,4,total_games|bonus_count|at_count|direct_hit_count,総ゲーム数|通常時ボーナス初当り|AT初当り|AT直撃,BASIC|BONUS|AT_CZ|SPECIAL,total_games|bonus_count|at_count|direct_hit_count,True,3,bonus_count|at_count|direct_hit_count,,1|2|3|4|5|6,6,6,6,18,0.25|0.7|1,18,1|4|5,3,True,False,False,False,True,False,False,1,normal_game_ceiling,GAME_COUNT,1000,True
list_slot_004.json,list_slot_004,パチスロコードギアス 反逆のルルーシュ3 C.C.&Kallen ver.,legacy_full,ceilingRules|counterDefinitions|machine|settingReferenceValues,,True,list_slot_004,list_slot_004.json,True,list_slot_004,パチスロコードギアス 反逆のルルーシュ3 C.C.&Kallen ver.,True,list_slot_004.json,True,list_slot,1,list_slot_004.json,1,list_slot_004.json,Sammy,AT,2023-06-05,True,True,均一化フェーズ対応。主判別はボーナス合算、補助はRB後AT中の無限移行C.C.揃い、重い分母は共通ベル+赤同色BBで統一。どちらも重い要素のため、実戦ではまずボーナス合算を主軸に見る。,False,,https://p-town.dmm.com/machines/4342,https://1geki.jp/slot/s_codegeass3cc/,0,,,4,total_games|bonus_count|at_count|direct_hit_count,総ゲーム数|ボーナス合算|RB後AT中 無限移行C.C.揃い|共通ベル+赤同色BB,BASIC|BONUS|SPECIAL|SPECIAL,total_games|bonus_count|at_count|direct_hit_count,True,3,bonus_count|at_count|direct_hit_count,,1|2|3|4|5|6,6,6,6,18,0.25|0.6|1,18,1|8,3,True,False,False,False,True,False,False,0,,,,False
list_slot_005.json,list_slot_005,L転生したらスライムだった件,legacy_full,ceilingRules|counterDefinitions|machine|settingReferenceValues,,True,list_slot_005,list_slot_005.json,True,list_slot_005,L転生したらスライムだった件,True,list_slot_005.json,True,list_slot,2,list_slot_005.json|tensei_slime.json,1,list_slot_005.json,YAMASA,AT,2023-10-02,True,True,均一化フェーズ対応。主判別はAT初当り、補助は夜の蝶、重い分母は直撃/特殊契機で統一。設定2・4・5・6の段階機なので、存在しない設定値はそのまま作らず実在設定のみ評価する。,False,,https://p-town.dmm.com/machines/4405,https://1geki.jp/slot/l_tensura/,0,,,5,total_games|bonus_count|cz_count|at_count|direct_hit_count,総ゲーム数|夜の蝶|特級魔族討伐戦|AT初当り|直撃/特殊契機,BASIC|BONUS|AT_CZ|AT_CZ|SPECIAL,total_games|bonus_count|at_count,True,3,at_count|bonus_count|direct_hit_count,,1|2|4|5|6,5,5,5,15,0.25|0.7|1,15,1|4|6,3,True,False,False,False,True,False,False,1,point_ceiling,GAME_COUNT,1200,True
list_slot_006.json,list_slot_006,スマスロ バイオハザード RE:2,legacy_full,ceilingRules|counterDefinitions|machine|settingReferenceValues,,True,list_slot_006,list_slot_006.json,True,list_slot_006,スマスロ バイオハザード RE:2,True,list_slot_006.json,True,list_slot,2,bio_re2.json|list_slot_006.json,1,list_slot_006.json,Adelion,AT,2022-10-03,True,True,partial: DMM・一撃の公開解析を再整理。主判別はAT「ハザードラッシュ」初当り、重い分母のAT直撃を強い補助根拠として維持。CZ「Gバトル」は天井/スルー管理には有効だが、全設定比較で安定しないため回数入力のみ残す。直撃は1回でもかなり強いが、未出現だけで低設定断定はしない。,False,,https://p-town.dmm.com/machines/4217,https://1geki.jp/slot/s_bhr2/,0,,,5,total_games|bonus_count|cz_count|at_count|direct_hit_count,総ゲーム数|初当りボーナス|Gバトル|AT初当り|AT直撃,BASIC|BONUS|AT_CZ|AT_CZ|SPECIAL,total_games|at_count|direct_hit_count,True,2,at_count|direct_hit_count,,1|2|3|4|5|6,6,6,6,12,0.45|1.0,12,1|4,2,False,False,False,False,True,False,False,2,game_ceiling|g_battle_through,GAME_COUNT|THROUGH_COUNT,1000|7,True
list_slot_007.json,list_slot_007,L主役は銭形4,legacy_full,ceilingRules|counterDefinitions|machine|settingReferenceValues,,True,list_slot_007,list_slot_007.json,True,list_slot_007,L主役は銭形4,True,list_slot_007.json,True,list_slot,2,list_slot_007.json|zenigata4.json,1,list_slot_007.json,OLYMPIA,AT,2023-05-08,True,True,均一化フェーズ対応。主判別はAT初当り、補助はボーナス合算、重い分母は直撃系を補強材料として扱う方針に整理。銭形DASHや示唆系は重要だが、現行入力ではまずAT初当りを主軸に見る。,False,,https://p-town.dmm.com/machines/4335,https://1geki.jp/slot/s_zenigata4/,0,,,5,total_games|bonus_count|cz_count|at_count|direct_hit_count,総ゲーム数|ゼニガダッシュ|デカチャンス|AT初当り|直撃/特殊契機,BASIC|BONUS|AT_CZ|AT_CZ|SPECIAL,total_games|bonus_count|at_count,True,2,at_count|bonus_count,,1|2|3|4|5|6,6,6,6,12,0.7|1,12,2500|3000,2,True,False,False,False,True,False,False,2,game_ceiling|guts_ceiling,GAME_COUNT|GAME_COUNT,999|1399,True
list_slot_008.json,list_slot_008,Lストライクウィッチーズ2,legacy_full,ceilingRules|counterDefinitions|machine|settingReferenceValues,,True,list_slot_008,list_slot_008.json,True,list_slot_008,Lストライクウィッチーズ2,True,list_slot_008.json,True,list_slot,2,list_slot_008.json|strike_witches2.json,1,list_slot_008.json,サンスリー,AT,2024-02-05,True,True,均一化フェーズ対応。主判別はストライクボーナス初当り、重い分母は通常時直撃を補強材料として扱う構造に整理。直撃は設定差が大きいが分母が重いため、長時間実戦でのみ効かせる。,False,,https://p-town.dmm.com/machines/4490,https://1geki.jp/slot/l_strikewitches2/,0,,,3,total_games|bonus_count|direct_hit_count,総ゲーム数|ストライクボーナス初当り|ストライクボーナス直撃,BASIC|BONUS|SPECIAL,total_games|bonus_count|direct_hit_count,True,2,bonus_count|direct_hit_count,,1|2|3|4|5|6,6,6,6,12,0.25|1,12,2500|12000,2,True,False,False,False,False,False,False,2,normal_game_ceiling|neuroi_battle_through,GAME_COUNT|THROUGH_COUNT,950|5,True
list_slot_009.json,list_slot_009,L麻雀格闘倶楽部 覚醒,legacy_full,ceilingRules|counterDefinitions|machine|settingReferenceValues,,True,list_slot_009,list_slot_009.json,True,list_slot_009,L麻雀格闘倶楽部 覚醒,True,list_slot_009.json,True,list_slot,1,list_slot_009.json,1,list_slot_009.json,コナミアミューズメント,AT,2023-09-19,True,True,均一化フェーズ対応。主判別はAT初当り、補助は10枚ベルに整理。小役は分母が重くなりやすいため、AT初当りより優先しない。直撃や示唆系はnotes管理で残す。,False,,https://p-town.dmm.com/machines/4401,https://1geki.jp/slot/s_mfckakusei/,0,,,3,total_games|at_count|bell_count,総ゲーム数|AT初当り|10枚ベル,BASIC|AT_CZ|SMALL_ROLE,total_games|at_count|bell_count,True,2,at_count|bell_count,,1|2|3|4|5|6,6,6,6,12,0.6|1,12,2500|4000,2,False,False,False,False,True,True,False,4,normal_mode_ceiling|pullback_mode_ceiling|ura_kakusei_ready_ceiling|kakusei_mode_ceiling,GAME_COUNT|GAME_COUNT|GAME_COUNT|GAME_COUNT,770|390|960|160,True
list_slot_010.json,list_slot_010,Lベルセルク無双,legacy_full,ceilingRules|counterDefinitions|machine|settingReferenceValues,,True,list_slot_010,list_slot_010.json,True,list_slot_010,Lベルセルク無双,True,list_slot_010.json,True,list_slot,1,list_slot_010.json,1,list_slot_010.json,EXCITE,AT,2023-06-05,True,True,partial: 一撃掲載のAT「無双狂ラッシュ」初当りを主軸に維持。DMMで確認できる終了画面・称号・ロングフリーズなどの強示唆は重い分母でも有効だが、全設定比較値を安全に固定できる数値項目はAT初当りのみのため、現段階では1軸+notes運用とする。天井は最大999G。,False,,https://p-town.dmm.com/machines/4367,https://1geki.jp/slot/l_berserkmuso/,0,,,3,total_games|at_count|memo_count,総ゲーム数|AT初当り|示唆メモ回数,BASIC|AT_CZ|SPECIAL,total_games|at_count,True,1,at_count,,1|2|4|5|6,5,5,5,5,1.1,5,4,1,False,False,False,False,True,False,False,1,normal_game_ceiling,GAME_COUNT,999,True
list_slot_011.json,list_slot_011,押忍！番長4,legacy_full,ceilingRules|counterDefinitions|machine|settingReferenceValues,,True,list_slot_011,list_slot_011.json,True,list_slot_011,押忍！番長4,True,list_slot_011.json,True,list_slot,2,bancho4.json|list_slot_011.json,1,list_slot_011.json,大都技研,AT,2024-04-22,True,True,公開解析とDMM設定差記事を再監査。主判別は初当り合算、補助は共通ベル、重い分母要素としてAT直撃を採用。共通ベルは通常時左第1停止ベル／AT中ナビなしベルをカウント。直撃は10000G級の補助要素なので重みは抑え、終了画面やボーナス種別・確定対決は別途メモ前提とした。,False,,https://p-town.dmm.com/machines/4553,https://1geki.jp/slot/l_osu_bancho4/,0,,,4,total_games|bonus_count|common_bell_count|direct_hit_count,総ゲーム数|初当り合算|共通ベル|AT直撃,BASIC|BONUS|SMALL_ROLE|SPECIAL,total_games|bonus_count|common_bell_count|direct_hit_count,True,3,bonus_count|direct_hit_count|common_bell_count,,1|2|3|4|5|6,6,6,6,18,0.55|0.65|1.1,18,2|7|120,3,True,False,False,False,False,True,False,1,bonus_interval_ceiling,GAME_COUNT,699,True
list_slot_012.json,list_slot_012,L南国育ち,legacy_full,ceilingRules|counterDefinitions|machine|settingReferenceValues,,True,list_slot_012,list_slot_012.json,True,list_slot_012,L南国育ち,True,list_slot_012.json,True,list_slot,1,list_slot_012.json,1,list_slot_012.json,オリンピアエステート,AT,2024-03-04,True,True,均一化フェーズ対応。主判別はボーナス合算、重い分母は初代モード突入を補強材料として扱う構造に整理。モードや楽曲変化は重要だが、まずは合算を最優先で見る。,False,,https://p-town.dmm.com/machines/4512,,0,,,3,total_games|bonus_count|direct_hit_count,総ゲーム数|ボーナス初当り合算|初代モード突入,BASIC|BONUS|SPECIAL,total_games|bonus_count|direct_hit_count,True,2,bonus_count|direct_hit_count,,1|2|3|5|6,5,5,5,10,0.25|1,10,2500|12000,2,True,False,False,False,False,False,False,0,,,,False
list_slot_013.json,list_slot_013,スマスロ痛いのは嫌なので防御力に極振りしたいと思います。,legacy_full,ceilingRules|counterDefinitions|machine|settingReferenceValues,,True,list_slot_013,list_slot_013.json,True,list_slot_013,スマスロ痛いのは嫌なので防御力に極振りしたいと思います。,True,list_slot_013.json,True,list_slot,1,list_slot_013.json,1,list_slot_013.json,サミー,AT,2024-06-03,True,True,partial: DMM/一撃公開のボーナス初当り合算・高確率ZONE当選率・EPBB直撃・上段ベルを反映。ゲーム数ゾーンや終了画面も強いが、現行UIでは総ゲーム数分母で扱いやすい数値差を優先した。,False,,https://p-town.dmm.com/machines/4566,https://1geki.jp/slot/l_bofuri/,0,,,5,total_games|bonus_count|cz_count|direct_hit_count|bell_count,総ゲーム数|ボーナス初当り合算|高確率ZONE当選|EPBB直撃|上段ベル(5枚),BASIC|BONUS|AT_CZ|SPECIAL|SMALL_ROLE,total_games|bonus_count|cz_count|bell_count,True,4,bonus_count|cz_count|direct_hit_count|bell_count,,1|2|3|4|5|6,6,6,6,24,0.8|0.85|1.0|1.2,24,1|4|5|120,4,True,False,False,True,False,True,False,0,,,,False
list_slot_014.json,list_slot_014,L東京喰種,legacy_full,ceilingRules|counterDefinitions|machine|settingReferenceValues,,True,list_slot_014,list_slot_014.json,True,list_slot_014,L東京喰種,True,list_slot_014.json,True,list_slot,2,list_slot_014.json|tokyo_ghoul.json,1,list_slot_014.json,CROSSALPHA,AT,2025-02-03,True,True,均一化フェーズ対応。主判別はAT初当り、補助はCZとボーナス、重い分母はAT直撃に整理。カードや月山招待状などの示唆は強いが、現行UIでは入力しやすい4軸を優先して評価する。,False,,https://p-town.dmm.com/machines/4742,https://1geki.jp/slot/l_tokyoghoul/,0,,,5,total_games|bonus_count|cz_count|at_count|direct_hit_count,総ゲーム数|エピソードボーナス|CZ合算|AT初当り|AT直撃,BASIC|BONUS|AT_CZ|AT_CZ|SPECIAL,total_games|bonus_count|cz_count|at_count|direct_hit_count,True,4,at_count|cz_count|bonus_count|direct_hit_count,,1|2|3|4|5|6,6,6,6,24,0.25|0.6|0.7|1,24,2500|3000|12000,4,True,False,False,True,True,False,False,3,cz_game_ceiling|at_game_ceiling|reset_short_ceiling,GAME_COUNT|GAME_COUNT|GAME_COUNT,600|1200|200,True
list_slot_015.json,list_slot_015,Lアズールレーン THE ANIMATION,legacy_full,ceilingRules|counterDefinitions|machine|settingReferenceValues,,True,list_slot_015,list_slot_015.json,True,list_slot_015,Lアズールレーン THE ANIMATION,True,list_slot_015.json,True,list_slot,2,azure_lane.json|list_slot_015.json,1,list_slot_015.json,京楽,AT,2025-08-04,True,True,均一化フェーズ対応。主判別はボーナス初当り、補助はAT初当りと小役に整理。弱チェリー・弱スイカは分母が重くなりやすいため主軸にせず、高ゲーム数時の補強材料として扱う。直撃系は重い分母として低weightで保持する。,False,,https://p-town.dmm.com/machines/4847,https://1geki.jp/slot/l_azurlane/,0,,,6,total_games|bonus_count|at_count|weak_cherry_count|weak_suika_count|direct_hit_count,総ゲーム数|ボーナス初当り|AT初当り|弱チェリー|弱スイカ|青7海戦ボーナス,BASIC|BONUS|AT_CZ|SMALL_ROLE|SMALL_ROLE|SPECIAL,total_games|bonus_count|at_count|weak_cherry_count|weak_suika_count,True,5,bonus_count|at_count|weak_cherry_count|weak_suika_count|direct_hit_count,,1|2|3|4|5|6,6,6,6,30,0.25|0.6|0.7|1,30,2500|3000|4000|12000,5,True,False,False,False,True,True,False,0,,,,False
list_slot_016.json,list_slot_016,Lダーリン・イン・ザ・フランキス,legacy_full,ceilingRules|counterDefinitions|machine|settingReferenceValues,,True,list_slot_016,list_slot_016.json,True,list_slot_016,Lダーリン・イン・ザ・フランキス,True,list_slot_016.json,True,list_slot,2,darling_franxx.json|list_slot_016.json,1,list_slot_016.json,スパイキー,AT,2025-08-04,True,True,均一化フェーズ対応。主判別はボーナス初当り、補助はCZ、重い分母は直撃系に整理。CZは序盤の偏りが出やすいため補助に留め、直撃は高サンプル時のみ効かせる。,False,,https://p-town.dmm.com/machines/4855,https://1geki.jp/slot/l_darlifra/,0,,,4,total_games|bonus_count|cz_count|direct_hit_count,総ゲーム数|ボーナス初当り|コネクトチャンス|フランクス高確移行,BASIC|BONUS|AT_CZ|SPECIAL,total_games|bonus_count|cz_count|direct_hit_count,True,3,bonus_count|cz_count|direct_hit_count,,1|2|3|4|5|6,6,6,6,18,0.25|0.7|1,18,2500|3000|12000,3,True,False,False,True,False,False,False,0,,,,False
list_slot_017.json,list_slot_017,L咲-Saki- 頂上決戦,legacy_full,ceilingRules|counterDefinitions|machine|settingReferenceValues,,True,list_slot_017,list_slot_017.json,True,list_slot_017,L咲-Saki- 頂上決戦,True,list_slot_017.json,True,list_slot,2,list_slot_017.json|saki_top.json,1,list_slot_017.json,三洋,AT,2025-08-04,True,True,均一化フェーズ対応。主判別はAT初当り、補助はCZに整理。現行入力では2軸構成だが、主軸と補助の優先度を明確化してブレを抑える。CZ単体では決めず、AT初当りを優先して見る。,False,,https://p-town.dmm.com/machines/4834,https://1geki.jp/slot/l_saki/,0,,,3,total_games|cz_count|at_count,総ゲーム数|特打(CZ)初当り|頂上決戦(AT)初当り,BASIC|AT_CZ|AT_CZ,total_games|cz_count|at_count,True,2,at_count|cz_count,,1|2|3|4|5|6,6,6,6,12,0.7|1,12,2500|3000,2,False,False,False,True,True,False,False,3,normal_game_ceiling|cz_through_ceiling|cycle_ceiling,GAME_COUNT|THROUGH_COUNT|CYCLE_COUNT,1000|6|8,True
list_slot_018.json,list_slot_018,Lうしおととら 白面決戦,legacy_full,ceilingRules|counterDefinitions|machine|settingReferenceValues,,True,list_slot_018,list_slot_018.json,True,list_slot_018,Lうしおととら 白面決戦,True,list_slot_018.json,True,list_slot,2,list_slot_018.json|ushio_tora.json,1,list_slot_018.json,Daiichi,AT,2025-04-07,True,True,均一化フェーズ対応。主判別はAT初当り、補助はCZに整理。現行UIでは入力しやすい2軸を優先採用し、CZは補助評価に留める。主軸はAT初当りで、序盤のCZ偏りを過信しない。,False,,https://p-town.dmm.com/machines/4776,https://1geki.jp/slot/l_ushiototora/,0,,,3,total_games|cz_count|at_count,総ゲーム数|CZ初当り|AT初当り,BASIC|AT_CZ|AT_CZ,total_games|cz_count|at_count,True,2,at_count|cz_count,,1|2|3|4|5|6,6,6,6,12,0.7|1,12,2500|3000,2,False,False,False,True,True,False,False,3,cz_interval_ceiling|cz_interval_reset_ceiling|at_interval_ceiling,GAME_COUNT|GAME_COUNT|GAME_COUNT,600|300|2500,True
list_slot_019.json,list_slot_019,Lゴジラ,legacy_full,ceilingRules|counterDefinitions|machine|settingReferenceValues,,True,list_slot_019,list_slot_019.json,True,list_slot_019,Lゴジラ,True,list_slot_019.json,True,list_slot,2,godzilla.json|list_slot_019.json,1,list_slot_019.json,ニューギン,AT,2025-04-07,True,True,均一化フェーズ対応。主判別はCZ、補助はボーナスとAT初当り、重い分母は直撃系に整理。現行参照値の中ではCZが最も軸にしやすいため主軸に据えるが、ボーナス・ATと複合で判断する。,False,,https://p-town.dmm.com/machines/4752,https://1geki.jp/slot/l_godzilla/,0,,,5,total_games|bonus_count|cz_count|at_count|direct_hit_count,総ゲーム数|初当り/ボーナス|CZ|AT初当り|直撃/特殊契機,BASIC|BONUS|AT_CZ|AT_CZ|SPECIAL,total_games|bonus_count|cz_count|at_count,True,1,cz_count,,1|2|3|4|5|6,6,6,6,6,1,6,2500,1,False,False,False,True,False,False,False,4,mode_a_point_ceiling|mode_b_point_ceiling|mode_c_point_ceiling|heaven_point_ceiling,POINT|POINT|POINT|POINT,1000|700|450|100,True
list_slot_020.json,list_slot_020,L少女☆歌劇 レヴュースタァライト -The SLOT-,legacy_full,ceilingRules|counterDefinitions|machine|settingReferenceValues,,True,list_slot_020,list_slot_020.json,True,list_slot_020,L少女☆歌劇 レヴュースタァライト -The SLOT-,True,list_slot_020.json,True,list_slot,2,list_slot_020.json|revue_starlight.json,1,list_slot_020.json,オーイズミ,AT,2025-03-03,True,True,均一化フェーズ対応。主判別はボーナス初当り、補助はAT初当りとCZに整理。レヴューや上位状態の影響で短期ブレが出やすいため、まずはボーナス初当りを最優先に見る。,False,,https://p-town.dmm.com/machines/4706,https://1geki.jp/slot/l_revuestarlight/,0,,,5,total_games|bonus_count|cz_count|at_count|direct_hit_count,総ゲーム数|ボーナス合算|CZ出現率|AT初当り|AT直撃メモ,BASIC|BONUS|AT_CZ|AT_CZ|SPECIAL,total_games|bonus_count|cz_count|at_count,True,3,bonus_count|at_count|cz_count,,1|2|4|5|6,5,5,5,15,0.6|0.7|1,15,2500|3000,3,True,False,False,True,True,False,False,0,,,,False
list_slot_021.json,list_slot_021,L仮面ライダー電王,legacy_full,ceilingRules|counterDefinitions|machine|settingReferenceValues,,True,list_slot_021,list_slot_021.json,True,list_slot_021,L仮面ライダー電王,True,list_slot_021.json,True,list_slot,2,kamen_rider_denoh.json|list_slot_021.json,1,list_slot_021.json,京楽,AT,2025-03-03,True,True,均一化フェーズ対応。主判別はボーナス初当り、補助はAT初当りとCZに整理。モードや特殊当選の影響でAT側に偏りが出るため、主軸はボーナス初当りで固定する。,False,,https://p-town.dmm.com/machines/4756,https://1geki.jp/slot/l_kmnr_deno/,0,,,5,total_games|bonus_count|cz_count|at_count|direct_hit_count,総ゲーム数|電王ボーナス初当り|俺CLIMAX|AT「俺FEVER」初当り|ゾロ目当選メモ,BASIC|BONUS|AT_CZ|AT_CZ|SPECIAL,total_games|bonus_count|cz_count|at_count,True,3,bonus_count|at_count|cz_count,,1|2|4|5|6,5,5,5,15,0.6|0.7|1,15,2500|3000,3,True,False,False,True,True,False,False,4,,GAME_COUNT|GAME_COUNT|GAME_COUNT|GAME_COUNT,888|777|444|111,True
list_slot_022.json,list_slot_022,Lありふれた職業で世界最強,legacy_full,ceilingRules|counterDefinitions|machine|settingReferenceValues,,True,list_slot_022,list_slot_022.json,True,list_slot_022,Lありふれた職業で世界最強,True,list_slot_022.json,True,list_slot,2,arifureta.json|list_slot_022.json,1,list_slot_022.json,SANKYO,AT,2025-02-03,True,True,均一化フェーズ対応。主判別はボーナス初当り、補助はAT初当りとCZに整理。トリガーの重なりでAT寄りに見える場面があるため、まずはボーナス初当りを軸に全体を整える。,False,,https://p-town.dmm.com/machines/4715,https://1geki.jp/slot/l_arifureta/,0,,,5,total_games|bonus_count|cz_count|at_count|direct_hit_count,総ゲーム数|初当り合算|ミュウボーナス|AT「大迷宮RUSH」初当り|直撃/上位契機メモ,BASIC|BONUS|AT_CZ|AT_CZ|SPECIAL,total_games|bonus_count|cz_count|at_count,True,3,bonus_count|at_count|cz_count,,1|2|3|4|5|6,6,6,6,18,0.6|0.7|1,18,2500|3000,3,True,False,False,True,True,False,False,1,,GAME_COUNT,1000,True
list_slot_023.json,list_slot_023,Lパチスロ シン・エヴァンゲリオン,legacy_full,ceilingRules|counterDefinitions|machine|settingReferenceValues,,True,list_slot_023,list_slot_023.json,True,list_slot_023,Lパチスロ シン・エヴァンゲリオン,True,list_slot_023.json,True,list_slot,2,list_slot_023.json|shin_eva.json,1,list_slot_023.json,ビスティ,AT,2025-01-20,True,True,均一化フェーズ対応。主判別はボーナス初当りに固定。現行参照値では主軸に使いやすいのがボーナスのみのため、無理に補助軸を増やさず、確実に使える1軸を高品質に維持する。,False,,https://p-town.dmm.com/machines/4730,https://1geki.jp/slot/l_shin_eva/,0,,,5,total_games|bonus_count|cz_count|at_count|direct_hit_count,総ゲーム数|初当り|150G以内当選メモ|作戦ST/ボーナスメモ|上位/特殊契機メモ,BASIC|BONUS|AT_CZ|AT_CZ|SPECIAL,total_games|bonus_count,True,1,bonus_count,,1|2|3|4|5|6,6,6,6,6,1,6,2500,1,True,False,False,False,False,False,False,1,,GAME_COUNT,800,True
list_slot_024.json,list_slot_024,Lにゃんこ大戦争 超神速,legacy_full,ceilingRules|counterDefinitions|machine|settingReferenceValues,,True,list_slot_024,list_slot_024.json,True,list_slot_024,Lにゃんこ大戦争 超神速,True,list_slot_024.json,True,list_slot,2,list_slot_024.json|nyanko.json,1,list_slot_024.json,京楽,AT,2025-01-20,True,True,均一化フェーズ対応。主判別はボーナス初当り、補助はCZに整理。特化当選や波でAT結果が揺れやすいため、現行入力ではボーナス初当りを主軸にして安定度を優先する。,False,,https://p-town.dmm.com/machines/4724,https://1geki.jp/slot/l_nyanko2/,0,,,5,total_games|bonus_count|cz_count|at_count|direct_hit_count,総ゲーム数|初当りAT|CZ「大狂乱のネコ島」|上位/特殊契機メモ|222G天井当選メモ,BASIC|BONUS|AT_CZ|AT_CZ|SPECIAL,total_games|bonus_count|cz_count,True,2,bonus_count|cz_count,,1|2|4|5|6,5,5,5,10,0.7|1,10,2500|3000,2,True,False,False,True,False,False,False,3,,GAME_COUNT|GAME_COUNT|GAME_COUNT,1122|922|222,True
list_slot_025.json,list_slot_025,パチスロ 炎炎ノ消防隊,legacy_full,ceilingRules|counterDefinitions|machine|settingReferenceValues,,True,list_slot_025,list_slot_025.json,True,list_slot_025,パチスロ 炎炎ノ消防隊,True,list_slot_025.json,True,list_slot,3,enen.json|fire_force.json|list_slot_025.json,1,list_slot_025.json,JB,AT,2023-05-08,True,True,均一化フェーズ対応。主判別はボーナス初当り、補助はAT初当りに整理。高確や状態差でAT側が荒れやすいため、炎炎はボーナス初当りを軸に実戦向けの見やすさを優先する。,False,,https://p-town.dmm.com/machines/4326,https://1geki.jp/slot/s_ennenn/,0,,,4,total_games|bonus_count|big_count|at_count,総ゲーム数|初当りボーナス|補助メモ|炎炎激闘,BASIC|BONUS|BONUS|AT_CZ,total_games|bonus_count|at_count,True,2,bonus_count|at_count,,1|2|4|5|6,5,5,5,10,0.7|1,10,2500|3000,2,True,False,False,False,True,False,False,2,normal_game_ceiling|same_yuriku_ceiling,GAME_COUNT|GAME_COUNT,850|3000,True
list_slot_026.json,list_slot_026,EVANGELION FESTIVAL,legacy_full,ceilingRules|counterDefinitions|machine|settingReferenceValues,,True,list_slot_026,list_slot_026.json,True,list_slot_026,EVANGELION FESTIVAL,True,list_slot_026.json,True,list_slot,1,list_slot_026.json,1,list_slot_026.json,ビスティ,AT,2020-03-02,True,True,均一化フェーズ対応。主判別はボーナス初当り、補助はCZとAT初当りに整理。複数トリガーで数値が散りやすいため、軸はボーナス初当りで固定し、CZとATは補助に留める。,False,,https://p-town.dmm.com/machines/3642,https://1geki.jp/slot/s_eva_fes/,0,,,5,total_games|bonus_count|cz_count|at_count|direct_hit_count,総ゲーム数|CZ+AT初当り|CZ「フェスティバルチャレンジ」初当り|AT初当り|AT直行メモ,BASIC|BONUS|AT_CZ|AT_CZ|SPECIAL,total_games|bonus_count|cz_count|at_count,True,3,bonus_count|cz_count|at_count,,1|2|3|4|5|6,6,6,6,18,0.6|0.7|1,18,2500|3000,3,True,False,False,True,True,False,False,2,,CYCLE|CYCLE,7|3,True
list_slot_027.json,list_slot_027,パチスロ アクエリオン ALL STARS,legacy_full,ceilingRules|counterDefinitions|machine|settingReferenceValues,,True,list_slot_027,list_slot_027.json,True,list_slot_027,パチスロ アクエリオン ALL STARS,True,list_slot_027.json,True,list_slot,1,list_slot_027.json,1,list_slot_027.json,SANKYO,AT,2022-07-04,True,True,均一化フェーズ対応。主判別はAT初当り、補助はCZに整理。2軸機種として扱い、無理に重い要素を足さず、実戦で使える初当りバランスの見やすさを優先する。,False,,https://p-town.dmm.com/machines/4156,https://1geki.jp/slot/s_aguarion_allstars/,0,,,3,total_games|cz_count|at_count,総ゲーム数|CZ初当り|AT初当り,BASIC|AT_CZ|AT_CZ,total_games|cz_count|at_count,True,2,at_count|cz_count,,1|2|4|5|6,5,5,5,10,0.7|1,10,2500|3000,2,False,False,False,True,True,False,False,2,normal_game_ceiling|cz_through_ceiling,GAME_COUNT|THROUGH_COUNT,1000|4,True
list_slot_028.json,list_slot_028,パチスロ鉄拳5,legacy_full,ceilingRules|counterDefinitions|machine|settingReferenceValues,,True,list_slot_028,list_slot_028.json,True,list_slot_028,パチスロ鉄拳5,True,list_slot_028.json,True,list_slot,1,list_slot_028.json,1,list_slot_028.json,YAMASA,AT,2022-07-19,True,True,均一化フェーズ対応。主判別はボーナス初当り、補助はAT初当りに整理。上位移行や連鎖の影響でAT回数が偏るため、まずはボーナス初当りを軸にしてブレを抑える。,False,,https://p-town.dmm.com/machines/4162,https://1geki.jp/slot/s_tekken5/,0,,,3,total_games|bonus_count|at_count,総ゲーム数|ボーナス合算|AT初当り,BASIC|BONUS|AT_CZ,total_games|bonus_count|at_count,True,2,bonus_count|at_count,,1|2|3|4|5|6,6,6,6,12,0.7|1,12,2500|3000,2,True,False,False,False,True,False,False,1,normal_game_ceiling,GAME_COUNT,750,True
list_slot_029.json,list_slot_029,パチスロ幼女戦記,legacy_full,ceilingRules|counterDefinitions|machine|settingReferenceValues,,True,list_slot_029,list_slot_029.json,True,list_slot_029,パチスロ幼女戦記,True,list_slot_029.json,True,list_slot,1,list_slot_029.json,1,list_slot_029.json,Sammy,AT,2022-12-05,True,True,均一化フェーズ対応。主判別はボーナス初当り、補助はAT初当りと共通9ベルに整理。共通9ベルは分母が重いため小役補助として扱い、ボーナス初当りを主軸に据える。,False,,https://p-town.dmm.com/machines/4241,https://1geki.jp/slot/s_yojo_senki/,0,,,4,total_games|bonus_count|at_count|common_9bell_count,総ゲーム数|ボーナス合算|AT初当り|共通9枚ベル,BASIC|BONUS|AT_CZ|SMALL_ROLE,total_games|bonus_count|at_count,True,3,bonus_count|at_count|common_9bell_count,,1|2|4|5|6,5,5,5,15,0.6|0.7|1,15,2500|3000|4000,3,True,False,False,False,True,True,False,1,normal_game_ceiling,GAME_COUNT,512,True
list_slot_030.json,list_slot_030,スマスロ シャーマンキング,legacy_full,ceilingRules|counterDefinitions|machine|settingReferenceValues,,True,list_slot_030,list_slot_030.json,True,list_slot_030,スマスロ シャーマンキング,True,list_slot_030.json,True,list_slot,1,list_slot_030.json,1,list_slot_030.json,Eleco,AT,2025-02-03,True,True,均一化フェーズ対応。主判別はボーナス初当り、補助はAT初当りに整理。上位状態やループでAT側が短期的に偏りやすいため、まずはボーナス初当りを軸にして実戦での見やすさを優先する。,False,,https://p-town.dmm.com/machines/4719,https://1geki.jp/slot/l_shamanking/,0,,,3,total_games|bonus_count|at_count,総ゲーム数|通常時初当り|AT初当り,BASIC|BONUS|AT_CZ,total_games|bonus_count|at_count,True,2,bonus_count|at_count,,1|2|3|4|5|6,6,6,6,12,0.7|1,12,2500|3000,2,True,False,False,False,True,False,False,2,normal_game_ceiling|bonus_through_ceiling,GAME_COUNT|THROUGH_COUNT,800|10,True
list_slot_031.json,list_slot_031,パチスロ 新鬼武者2,legacy_full,ceilingRules|counterDefinitions|machine|settingReferenceValues,,True,list_slot_031,list_slot_031.json,True,list_slot_031,パチスロ 新鬼武者2,True,list_slot_031.json,True,list_slot,1,list_slot_031.json,1,list_slot_031.json,Enterrise,AT,2022-08-08,True,True,均一化フェーズ対応。主判別はAT初当り、重い分母は直撃ATに整理。鬼モードや示唆は重要だが、現行入力ではAT初当りを軸にし、直撃は高ゲーム数時の補強材料として低weightで残す。,False,,https://p-town.dmm.com/machines/4178,https://1geki.jp/slot/s_sinnoni2/,0,,,3,total_games|at_count|direct_hit_count,総ゲーム数|AT初当り|直撃AT(リーチ目),BASIC|AT_CZ|SPECIAL,total_games|at_count|direct_hit_count,True,2,at_count|direct_hit_count,,1|2|3|4|5|6,6,6,6,12,0.25|1,12,2500|12000,2,False,False,False,False,True,False,False,2,bz_between_ceiling|at_between_ceiling,GAME_COUNT|GAME_COUNT,333|1000,True
list_slot_032.json,list_slot_032,FAIRY TAIL2,legacy_full,ceilingRules|counterDefinitions|machine|settingReferenceValues,,True,list_slot_032,list_slot_032.json,True,list_slot_032,FAIRY TAIL2,True,list_slot_032.json,True,list_slot,1,list_slot_032.json,1,list_slot_032.json,藤商事,AT,2022-08-01,True,True,均一化フェーズ対応。主判別はAT初当り、補助はCZに整理。フェアリーテイル2はCZからの流れで短期ブレが出やすいため、CZ単体を追い過ぎずAT初当りを主軸に固定する。,False,,https://p-town.dmm.com/machines/4191,https://1geki.jp/slot/s_fairytail2/,0,,,3,total_games|cz_count|at_count,総ゲーム数|CZ「FAIRY BATTLE CHALLENGE」|AT「FAIRY BATTLE」初当り,BASIC|AT_CZ|AT_CZ,total_games|cz_count|at_count,True,2,at_count|cz_count,,1|2|3|4|5|6,6,6,6,12,0.7|1,12,2500|3000,2,False,False,False,True,True,False,False,1,normal_game_ceiling,GAME_COUNT,1536,True
list_slot_033.json,list_slot_033,ペルソナ5,legacy_full,ceilingRules|counterDefinitions|machine|settingReferenceValues,,True,list_slot_033,list_slot_033.json,True,list_slot_033,ペルソナ5,True,list_slot_033.json,True,list_slot,1,list_slot_033.json,1,list_slot_033.json,サミー,AT,2022-09-05,True,True,均一化フェーズ対応。主判別はボーナス初当り、補助はAT初当りに整理。高確や前兆の偏りでAT回数が揺れやすいため、主軸はボーナス初当りで固定して全体の均一性を優先する。,False,,https://p-town.dmm.com/machines/4193,https://1geki.jp/slot/s_persona5/,0,,,3,total_games|bonus_count|at_count,総ゲーム数|初当り|AT「テイクユアハート」初当り,BASIC|BONUS|AT_CZ,total_games|bonus_count|at_count,True,2,bonus_count|at_count,,1|2|3|4|5|6,6,6,6,12,0.7|1,12,2500|3000,2,True,False,False,False,True,False,False,2,pc_through_ceiling|pc_game_ceiling,THROUGH_COUNT|GAME_COUNT,7|400,True
list_slot_034.json,list_slot_034,パチスロ盾の勇者の成り上がり,legacy_full,ceilingRules|counterDefinitions|machine|settingReferenceValues,,True,list_slot_034,list_slot_034.json,True,list_slot_034,パチスロ盾の勇者の成り上がり,True,list_slot_034.json,True,list_slot,1,list_slot_034.json,1,list_slot_034.json,Sammy,AT,2023-02-20,True,True,均一化フェーズ対応。主判別はAT初当りに固定。盾の勇者は現行参照値で確実に使える軸がAT初当り中心のため、無理に補助軸を増やさず、1軸を丁寧に扱う構成で品質を揃える。,False,,https://p-town.dmm.com/machines/4292,https://1geki.jp/slot/s_tat_yu/,0,,,5,total_games|bonus_count|cz_count|at_count|direct_hit_count,総ゲーム数|初当り/ボーナス|CZ|AT「ウェイブウォー」初当り|通常時直撃AT,BASIC|BONUS|AT_CZ|AT_CZ|SPECIAL,total_games|bonus_count|cz_count|at_count,True,1,at_count,,1|2|3|4|5|6,6,6,6,6,1,6,2500,1,False,False,False,False,True,False,False,2,normal_game_ceiling|reset_or_inherit_ceiling,GAME_COUNT|GAME_COUNT,1173|800,True
list_slot_035.json,list_slot_035,S BOØWY,legacy_full,ceilingRules|counterDefinitions|machine|settingReferenceValues,,True,list_slot_035,list_slot_035.json,True,list_slot_035,S BOØWY,True,list_slot_035.json,True,list_slot,1,list_slot_035.json,1,list_slot_035.json,D-light,AT,2022-09-20,True,True,均一化フェーズ対応。主判別はAT初当りに固定。S BOØWYは現行入力で無理に補助項目を増やさず、AT初当りを高品質に扱う方針でブレを抑える。,False,,https://p-town.dmm.com/machines/4196,https://1geki.jp/slot/s_boowy/,0,,,3,total_games|at_count|bonus_count,総ゲーム数|AT「GIGS」出現|BOØWY揃い/上位契機,BASIC|AT_CZ|SPECIAL,total_games|at_count,True,1,at_count,,1|2|4|5|6,5,5,5,5,1,5,2500,1,False,False,False,False,True,False,False,1,normal_game_ceiling,GAME_COUNT,1480,True
list_slot_036.json,list_slot_036,バイオハザード ヴィレッジ,legacy_full,ceilingRules|counterDefinitions|machine|settingReferenceValues,,True,list_slot_036,list_slot_036.json,True,list_slot_036,バイオハザード ヴィレッジ,True,list_slot_036.json,True,list_slot,1,list_slot_036.json,1,list_slot_036.json,アデリオン,AT,2024-01-09,True,True,均一化フェーズ対応。主判別はボーナス初当り、補助はAT初当りと弱チェリーに整理。弱チェリーは小役として高ゲーム数時の補強に留め、主軸はボーナス初当りで統一する。,False,,https://p-town.dmm.com/machines/4459,https://1geki.jp/slot/l_biovillage/,0,,,4,total_games|bonus_count|at_count|weak_cherry_count,総ゲーム数|初当り|AT「ハザードラッシュ」初当り|弱チェリー,BASIC|BONUS|AT_CZ|SMALL_ROLE,total_games|bonus_count|at_count,True,3,bonus_count|at_count|weak_cherry_count,,1|2|3|4|5|6,6,6,6,18,0.6|0.7|1,18,2500|3000|4000,3,True,False,False,False,True,True,False,2,normal_game_ceiling|reset_game_ceiling,GAME_COUNT|GAME_COUNT,750|550,True
list_slot_037.json,list_slot_037,パチスロ ダンジョンに出会いを求めるのは間違っているだろうか2,legacy_full,ceilingRules|counterDefinitions|machine|settingReferenceValues,,True,list_slot_037,list_slot_037.json,True,list_slot_037,パチスロ ダンジョンに出会いを求めるのは間違っているだろうか2,True,list_slot_037.json,True,list_slot,1,list_slot_037.json,1,list_slot_037.json,北電子,AT,2024-04-22,True,True,均一化フェーズ対応。主判別はボーナス合算、補助はBIG・REG・AT初当りに整理。ダンまち2はボーナス種別も見たいが、全体の均一性を優先してまず合算を主軸に置く。,False,,https://p-town.dmm.com/machines/4556,https://1geki.jp/slot/s_danmachi2/,0,,,6,total_games|bonus_count|big_count|reg_count|cz_count|at_count,総ゲーム数|ボーナス合算|ファミリアボーナス|ファミリアチャンス|CZ|ART初当り,BASIC|BONUS|BONUS|BONUS|AT_CZ|AT_CZ,total_games|bonus_count|big_count|reg_count|at_count,True,4,bonus_count|big_count|reg_count|at_count,,1|2|3|4|5|6,6,6,6,24,0.6|0.7|1,24,2500|3000,4,True,True,True,False,True,False,False,1,bonus_cz_game_ceiling,GAME_COUNT,555,True
list_slot_038.json,list_slot_038,Re:ゼロから始める異世界生活 season2,legacy_full,ceilingRules|counterDefinitions|machine|settingReferenceValues,,True,list_slot_038,list_slot_038.json,True,list_slot_038,Re:ゼロから始める異世界生活 season2,True,list_slot_038.json,True,list_slot,1,list_slot_038.json,1,list_slot_038.json,パオン・ディーピー,AT,2024-10-21,True,True,均一化フェーズ対応。主判別はAT初当りに固定。現行参照値ではAT初当りが最も使いやすいため、リゼロ2は1軸を丁寧に扱う構成で均一性を確保する。,False,,https://p-town.dmm.com/machines/4658,https://1geki.jp/slot/l_rezero_season2/,0,,,5,total_games|bonus_count|cz_count|at_count|direct_hit_count,総ゲーム数|初当り/ボーナス|CZ|AT「殲滅ラッシュ」初当り|直撃/特殊契機,BASIC|BONUS|AT_CZ|AT_CZ|SPECIAL,total_games|at_count,True,1,at_count,,1|2|3|4|5|6,6,6,6,6,1,6,2500,1,False,False,False,False,True,False,False,3,point_ceiling|game_freeze_ceiling|reset_point_shortening,POINT|GAME_COUNT|POINT,1400|1300|1000,True
list_slot_039.json,list_slot_039,この素晴らしい世界に祝福を！,legacy_full,ceilingRules|counterDefinitions|machine|settingReferenceValues,,True,list_slot_039,list_slot_039.json,True,list_slot_039,この素晴らしい世界に祝福を！,True,list_slot_039.json,True,list_slot,1,list_slot_039.json,1,list_slot_039.json,サミー,AT,2022-04-04,True,True,均一化フェーズ対応。主判別はAT初当りに固定。このすばは現行入力で確実に使える軸がAT初当り中心のため、無理に補助項目を増やさず高品質な1軸運用を維持する。,False,,https://p-town.dmm.com/machines/4097,https://1geki.jp/slot/s_konosuba/,0,,,5,total_games|bonus_count|cz_count|at_count|direct_hit_count,総ゲーム数|初当り/ボーナス|CZ|AT初当り|直撃/特殊契機,BASIC|BONUS|AT_CZ|AT_CZ|SPECIAL,total_games|bonus_count|cz_count|at_count,True,1,at_count,,1|2|3|4|5|6,6,6,6,6,1,6,2500,1,False,False,False,False,True,False,False,1,normal_game_ceiling,GAME_COUNT,598,True
list_slot_040.json,list_slot_040,Lルパン三世 大航海者の秘宝,legacy_full,ceilingRules|counterDefinitions|machine|settingReferenceValues,,True,list_slot_040,list_slot_040.json,True,list_slot_040,Lルパン三世 大航海者の秘宝,True,list_slot_040.json,True,list_slot,1,list_slot_040.json,1,list_slot_040.json,平和,AT,2024-12-02,True,True,均一化フェーズ対応。主判別はボーナス初当り、補助はAT初当りとCZに整理。複数契機でATが伸びやすいため、主軸はボーナス初当りで固定し、CZは補助として扱う。,False,,https://p-town.dmm.com/machines/4689,https://1geki.jp/slot/l_lupin_totgn/,0,,,5,total_games|bonus_count|cz_count|at_count|direct_hit_count,総ゲーム数|シングル7揃い|CZ「ICPOチャレンジ」|ダブル7揃い/AT|AT直行/直撃メモ,BASIC|BONUS|AT_CZ|AT_CZ|SPECIAL,total_games|bonus_count|cz_count|at_count,True,3,bonus_count|at_count|cz_count,,1|2|3|4|5|6,6,6,6,18,0.6|0.7|1,18,2500|3000,3,True,False,False,True,True,False,False,3,normal_game_ceiling|reset_game_ceiling|rescue_trigger,GAME_COUNT|GAME_COUNT|GAME_COUNT,1000|700|400,True
list_slot_041.json,list_slot_041,黄門ちゃま天,legacy_full,ceilingRules|counterDefinitions|machine|settingReferenceValues,,True,list_slot_041,list_slot_041.json,True,list_slot_041,黄門ちゃま天,True,list_slot_041.json,True,list_slot,1,list_slot_041.json,1,list_slot_041.json,オリンピア,AT,2024-09-02,True,True,均一化フェーズ対応。主判別はAT初当りに固定。黄門ちゃま天は現行入力で主軸として扱いやすいのがAT初当りのため、1軸を丁寧に評価する構成で均一性を保つ。,False,,https://p-town.dmm.com/machines/4609,https://1geki.jp/slot/l_komonchama_ten/,0,,,5,total_games|bonus_count|cz_count|at_count|direct_hit_count,総ゲーム数|初当り/ボーナス|CZ|AT「ええじゃないかRUSH」初当り|直撃/特殊契機,BASIC|BONUS|AT_CZ|AT_CZ|SPECIAL,total_games|bonus_count|cz_count|at_count,True,1,at_count,,1|2|3|4|5|6,6,6,6,6,1,6,2500,1,False,False,False,False,True,False,False,3,normal_game_ceiling|lantern_count_ceiling|lantern_interval_ceiling,GAME_COUNT|COUNT|GAME_COUNT,999|7|310,True
list_slot_042.json,list_slot_042,ニューパルサーSP4,legacy_full,ceilingRules|counterDefinitions|machine|settingReferenceValues,,True,list_slot_042,list_slot_042.json,True,list_slot_042,ニューパルサーSP4,True,list_slot_042.json,True,list_slot,1,list_slot_042.json,1,list_slot_042.json,SEVEN LEAGUE,BONUS,2024-05-07,True,True,均一化フェーズ対応。主判別はREG、補助はボーナス合算とBIGに整理。ニューパル系はREGと合算を主軸にし、BIG単体は補助評価に留める。,False,,,https://1geki.jp/slot/s_newpulsar_with_tt/,0,,,4,total_games|big_count|reg_count|bonus_count,総ゲーム数|BIG|REG|合算ボーナス,BASIC|BONUS|BONUS|BONUS,total_games|big_count|reg_count|bonus_count,True,3,reg_count|bonus_count|big_count,,1|2|3|4|5|6,6,6,6,18,0.6|0.7|1,18,2500|3000,3,True,True,True,False,False,False,False,0,,,,False
list_slot_043.json,list_slot_043,ニューパルサーDX3,legacy_full,ceilingRules|counterDefinitions|machine|settingReferenceValues,,True,list_slot_043,list_slot_043.json,True,list_slot_043,ニューパルサーDX3,True,list_slot_043.json,True,list_slot,1,list_slot_043.json,1,list_slot_043.json,YAMASA NEXT,BONUS,2021-10-04,True,True,均一化フェーズ対応。主判別はREG、補助はボーナス合算とBIGに整理。DX3もREG主軸で揃え、合算で全体傾向を補強する。,False,,,https://1geki.jp/slot/s_newpal_dx3/,0,,,4,total_games|big_count|reg_count|bonus_count,総ゲーム数|BIG|REG|合算ボーナス,BASIC|BONUS|BONUS|BONUS,total_games|big_count|reg_count|bonus_count,True,3,reg_count|bonus_count|big_count,,1|2|3|4|6,5,5,5,15,0.6|0.7|1,15,2500|3000,3,True,True,True,False,False,False,False,0,,,,False
list_slot_044.json,list_slot_044,ハナビ,legacy_full,ceilingRules|counterDefinitions|machine|settingReferenceValues,,True,list_slot_044,list_slot_044.json,True,list_slot_044,ハナビ,True,list_slot_044.json,True,list_slot,1,list_slot_044.json,1,list_slot_044.json,ACROSS,BONUS,2021-07-05,True,True,均一化フェーズ対応。主判別はREG、補助はボーナス合算とベルに整理。ハナビ系はREGとベルを高ゲーム数で確認しつつ、合算で全体傾向を見る。,False,,,https://1geki.jp/slot/s_shinhanabi/,0,,,5,total_games|big_count|reg_count|bonus_count|bell_count,総ゲーム数|BIG|REG|合算ボーナス|ベルA+B,BASIC|BONUS|BONUS|BONUS|SMALL_ROLE,total_games|big_count|reg_count|bonus_count|bell_count,True,4,reg_count|bonus_count|bell_count|big_count,,1|2|5|6,4,4,4,16,0.5|0.6|0.7|1,16,2500|3000|4000,4,True,True,True,False,False,True,False,0,,,,False
list_slot_045.json,list_slot_045,バーサスリヴァイズ,legacy_full,ceilingRules|counterDefinitions|machine|settingReferenceValues,,True,list_slot_045,list_slot_045.json,True,list_slot_045,バーサスリヴァイズ,True,list_slot_045.json,True,list_slot,1,list_slot_045.json,1,list_slot_045.json,ELECO,BONUS,2022-01-11,True,True,均一化フェーズ対応。主判別はREG、補助はボーナス合算・ベル・VSゲームハズレに整理。重い補助要素は低weightで残し、REG主軸を崩さない構成にする。,False,,,https://1geki.jp/slot/s_versus_rexse/,0,,,6,total_games|big_count|reg_count|bonus_count|bell_count|vs_game_miss_count,総ゲーム数|BIG|REG|合算ボーナス|ベルA+B|VS GAME中ハズレ,BASIC|BONUS|BONUS|BONUS|SMALL_ROLE|SPECIAL,total_games|big_count|reg_count|bonus_count|bell_count|vs_game_miss_count,True,5,reg_count|bonus_count|bell_count|vs_game_miss_count|big_count,,1|2|5|6,4,4,4,20,0.25|0.5|0.6|0.7|1,20,2500|3000|4000|12000,5,True,True,True,False,False,True,False,0,,,,False
list_slot_046.json,list_slot_046,サンダーVライトニング,legacy_full,ceilingRules|counterDefinitions|machine|settingReferenceValues,,True,list_slot_046,list_slot_046.json,True,list_slot_046,サンダーVライトニング,True,list_slot_046.json,True,list_slot,1,list_slot_046.json,1,list_slot_046.json,ACROSS,BONUS,2020-02-03,True,True,均一化フェーズ対応。主判別はBIGに固定。現行参照値ではBIGのみのため、無理に軸を増やさず、1軸を丁寧に扱う構成で品質を揃える。,False,,,https://1geki.jp/slot/s_thunderv_lg/,0,,,3,total_games|big_count|bonus_count,総ゲーム数|BIG合成|BIG合成,BASIC|BONUS|BONUS,total_games|big_count,True,1,big_count,,1|2|5|6,4,4,4,4,1,4,2500,1,False,True,False,False,False,False,False,0,,,,False
list_slot_047.json,list_slot_047,アレックス ブライト,legacy_full,ceilingRules|counterDefinitions|machine|settingReferenceValues,,True,list_slot_047,list_slot_047.json,True,list_slot_047,アレックス ブライト,True,list_slot_047.json,True,list_slot,1,list_slot_047.json,1,list_slot_047.json,UNIVERSAL BROS.,BONUS,2025-09-01,True,True,均一化フェーズ対応。主判別はREG、補助はボーナス合算と羽・チェリー系に整理。小役系は高ゲーム数時の補強に留め、主軸はREGで揃える。,False,,,https://1geki.jp/slot/lb_arexbright/,0,,,7,total_games|big_count|reg_count|bonus_count|feather_count|three_coin_role_count|cherry_count,総ゲーム数|BB|RB|合算ボーナス|羽|3枚役|チェリー合算,BASIC|BONUS|BONUS|BONUS|SMALL_ROLE|SMALL_ROLE|SMALL_ROLE,total_games|big_count|reg_count|bonus_count|feather_count|three_coin_role_count|cherry_count,True,6,reg_count|bonus_count|feather_count|three_coin_role_count|cherry_count|big_count,,1|2|5|6,4,4,4,24,0.5|0.6|0.7|1,24,2500|3000|4000,6,True,True,True,False,True,True,True,0,,,,False
list_slot_048.json,list_slot_048,ディスクアップ2,legacy_full,ceilingRules|counterDefinitions|machine|settingReferenceValues,,True,list_slot_048,list_slot_048.json,True,list_slot_048,ディスクアップ2,True,list_slot_048.json,True,list_slot,1,list_slot_048.json,1,list_slot_048.json,Sammy,BONUS,2022-01-24,True,True,均一化フェーズ対応。主判別はREG、補助はボーナス合算とBIGに整理。ディスクアップ2は波でBIG先行になりやすいため、REG主軸で見やすさを優先する。,False,,,https://1geki.jp/slot/s_discup2/,0,,,4,total_games|big_count|reg_count|bonus_count,総ゲーム数|BB|RB|合算ボーナス,BASIC|BONUS|BONUS|BONUS,total_games|big_count|reg_count|bonus_count,True,3,reg_count|bonus_count|big_count,,1|2|5|6,4,4,4,12,0.6|0.7|1,12,2500|3000,3,True,True,True,False,False,False,False,0,,,,False
list_slot_049.json,list_slot_049,A-SLOT+ ディスクアップ ULTRAREMIX,legacy_full,ceilingRules|counterDefinitions|machine|settingReferenceValues,,True,list_slot_049,list_slot_049.json,True,list_slot_049,A-SLOT+ ディスクアップ ULTRAREMIX,True,list_slot_049.json,True,list_slot,1,list_slot_049.json,1,list_slot_049.json,Sammy,BONUS,2025-01-20,True,True,均一化フェーズ対応。主判別はREG、補助はボーナス合算と小役に整理。ディスクアップULTRAREMIXもREG主軸で揃え、小役は高ゲーム数時の補強として扱う。,False,,,https://1geki.jp/slot/l_discup_ur/,0,,,6,total_games|big_count|reg_count|bonus_count|three_coin_role_count|suika_count,総ゲーム数|BB|RB|合算ボーナス|3枚役|スイカA+B,BASIC|BONUS|BONUS|BONUS|SMALL_ROLE|SMALL_ROLE,total_games|big_count|reg_count|bonus_count|three_coin_role_count|suika_count,True,5,reg_count|bonus_count|three_coin_role_count|suika_count|big_count,,1|2|5|6,4,4,4,20,0.5|0.6|0.7|1,20,2500|3000|4000,5,True,True,True,False,False,True,True,0,,,,False
list_slot_050.json,list_slot_050,ファミスタ回胴版!!,legacy_full,ceilingRules|counterDefinitions|machine|settingReferenceValues,,True,list_slot_050,list_slot_050.json,True,list_slot_050,ファミスタ回胴版!!,True,list_slot_050.json,True,list_slot,1,list_slot_050.json,1,list_slot_050.json,UNIVERSAL BROS.,BONUS,2023-09-04,True,True,均一化フェーズ対応。主判別はREG、補助はボーナス合算とBIGに整理。ファミスタもノーマルタイプとしてREG主軸で揃え、合算で全体傾向を確認する。,False,,,https://1geki.jp/slot/s_famista_kaido/,0,,,4,total_games|big_count|reg_count|bonus_count,総ゲーム数|BB|RB|合算ボーナス,BASIC|BONUS|BONUS|BONUS,total_games|big_count|reg_count|bonus_count,True,3,reg_count|bonus_count|big_count,,1|2|5|6,4,4,4,12,0.6|0.7|1,12,2500|3000,3,True,True,True,False,False,False,False,0,,,,False
list_slot_051.json,list_slot_051,沖ドキ！GOLD,legacy_full,ceilingRules|counterDefinitions|machine|settingReferenceValues,,True,list_slot_051,list_slot_051.json,True,list_slot_051,沖ドキ！GOLD,True,list_slot_051.json,True,list_slot,1,list_slot_051.json,1,list_slot_051.json,UNIVERSAL BROS.,AT,2022-12-19,True,True,均一化フェーズ対応。主判別はREG、補助はボーナス合算とBIGに整理。沖ドキ！GOLDは荒波寄りだが、現行入力ではREGと合算を中心に見る方針で揃える。,False,,https://p-town.dmm.com/machines/4258,https://1geki.jp/slot/s_okidoki_gold/,0,,,6,total_games|bonus_count|big_count|reg_count|common_bell_count|cherry_count,総ゲーム数|ボーナス初当り|BIG初当り|REG初当り|共通ベル|チェリー,BASIC|AT_CZ|BONUS|BONUS|SMALL_ROLE|SMALL_ROLE,total_games|bonus_count|big_count|reg_count,True,3,reg_count|bonus_count|big_count,,1|2|3|5|6,5,5,5,15,0.6|0.7|1,15,2500|3000,3,True,True,True,False,False,False,False,0,,,,False
list_slot_052.json,list_slot_052,沖ドキ！DUO,legacy_full,ceilingRules|counterDefinitions|machine|settingReferenceValues,,True,list_slot_052,list_slot_052.json,True,list_slot_052,沖ドキ！DUO,True,list_slot_052.json,True,list_slot,1,list_slot_052.json,1,list_slot_052.json,ACROSS,AT,2021-12-20,True,True,均一化フェーズ対応。主判別はボーナス合算に固定。現行参照値では合算のみのため、無理に軸を増やさず、1軸を丁寧に扱う構成で品質を揃える。,False,,https://p-town.dmm.com/machines/4031,https://1geki.jp/slot/s_okidoki_duo_25/,0,,,5,total_games|bonus_count|big_count|reg_count|cherry_count,総ゲーム数|ボーナス初当り|BIG初当り|REG初当り|チェリー,BASIC|AT_CZ|BONUS|BONUS|SMALL_ROLE,total_games|bonus_count|big_count|reg_count,True,1,bonus_count,,1|2|3|4|5|6,6,6,6,6,1,6,2500,1,True,False,False,False,False,False,False,0,,,,False
list_slot_053.json,list_slot_053,スマート沖スロ 沖ドキ！DUO-30 アンコール,legacy_full,ceilingRules|counterDefinitions|machine|settingReferenceValues,,True,list_slot_053,list_slot_053.json,True,list_slot_053,スマート沖スロ 沖ドキ！DUO-30 アンコール,True,list_slot_053.json,True,list_slot,1,list_slot_053.json,1,list_slot_053.json,MACY,AT,2025-12-22,True,True,均一化フェーズ対応。主判別はボーナス合算に固定。アンコール版も現行参照値では合算のみのため、1軸を丁寧に扱う構成で揃える。,False,,https://p-town.dmm.com/machines/4906,https://1geki.jp/slot/l_okidoki_duo_encore/0/,0,,,5,total_games|bonus_count|big_count|reg_count|cherry_count,総ゲーム数|ボーナス初当り|BIG初当り|REG初当り|角チェリー,BASIC|AT_CZ|BONUS|BONUS|SMALL_ROLE,total_games|bonus_count|big_count|reg_count,True,1,bonus_count,,1|2|3|5|6,5,5,5,5,1,5,2500,1,True,False,False,False,False,False,False,0,,,,False
list_slot_054.json,list_slot_054,チバリヨ2プラス,legacy_full,ceilingRules|counterDefinitions|machine|settingReferenceValues,,True,list_slot_054,list_slot_054.json,True,list_slot_054,チバリヨ2プラス,True,list_slot_054.json,True,list_slot,1,list_slot_054.json,1,list_slot_054.json,NET,AT,2025-01-06,True,True,均一化フェーズ対応。主判別はボーナス合算に固定。チバリヨ2プラスも現行参照値では合算中心のため、無理に補助軸を増やさず高品質な1軸運用を維持する。,False,,https://p-town.dmm.com/machines/4717,https://1geki.jp/slot/l_cbry2_plus/,0,,,5,total_games|bonus_count|weak_cherry_count|strong_cherry_count|at_count,総ゲーム数|ボーナス初当り|弱チェリー|強チェリー|連荘/AT当選,BASIC|AT_CZ|SMALL_ROLE|SMALL_ROLE|AT_CZ,total_games|bonus_count,True,1,bonus_count,,1|2|4|5|6,5,5,5,5,1,5,2500,1,True,False,False,False,False,False,False,0,,,,False
list_slot_055.json,list_slot_055,スマート沖スロ スターハナハナ,legacy_full,ceilingRules|counterDefinitions|machine|settingReferenceValues,,True,list_slot_055,list_slot_055.json,True,list_slot_055,スマート沖スロ スターハナハナ,True,list_slot_055.json,True,list_slot,1,list_slot_055.json,1,list_slot_055.json,PIONEER,BONUS,2025-01-06,True,True,均一化フェーズ対応。主判別はREG、補助はボーナス合算とBIGに整理。ハナハナ系はREGを主軸にし、合算で全体傾向、BIGは補助評価に留める。,False,,https://p-town.dmm.com/machines/4680,https://1geki.jp/slot/l_starhnhn30/0/,0,,,5,total_games|big_count|reg_count|bonus_count|small_role_count,総ゲーム数|BIG|REG|合算ボーナス|小役/示唆補助,BASIC|BONUS|BONUS|BONUS|SMALL_ROLE,total_games|big_count|reg_count|bonus_count,True,3,reg_count|bonus_count|big_count,,1|2|3|4|5|6,6,6,6,18,0.6|0.7|1,18,2500|3000,3,True,True,True,False,False,False,False,0,,,,False
list_slot_056.json,list_slot_056,スマート沖スロ ニューキングハナハナ-30,legacy_full,ceilingRules|counterDefinitions|machine|settingReferenceValues,,True,list_slot_056,list_slot_056.json,True,list_slot_056,スマート沖スロ ニューキングハナハナ-30,True,list_slot_056.json,True,list_slot,1,list_slot_056.json,1,list_slot_056.json,PIONEER,BONUS,2026-01-05,True,True,均一化フェーズ対応。主判別はREG、補助はボーナス合算とBIGに整理。スマート沖スロ版ニューキングハナハナもREG主軸で揃える。,False,,https://p-town.dmm.com/machines/4911,,0,,,5,total_games|big_count|reg_count|bonus_count|small_role_count,総ゲーム数|BIG(BT込)|REG|合算ボーナス|小役/示唆補助,BASIC|BONUS|BONUS|BONUS|SMALL_ROLE,total_games|big_count|reg_count|bonus_count,True,3,reg_count|bonus_count|big_count,,1|2|3|4|5,5,5,5,15,0.6|0.7|1,15,2500|3000,3,True,True,True,False,False,False,False,0,,,,False
list_slot_057.json,list_slot_057,ニューキングハナハナ-30,legacy_full,ceilingRules|counterDefinitions|machine|settingReferenceValues,,True,list_slot_057,list_slot_057.json,True,list_slot_057,ニューキングハナハナ-30,True,list_slot_057.json,True,list_slot,1,list_slot_057.json,1,list_slot_057.json,PIONEER,BONUS,2026-01-05,True,True,均一化フェーズ対応。主判別はREG、補助はボーナス合算とBIGに整理。ニューキングハナハナ-30もREG主軸で統一する。,False,,https://p-town.dmm.com/machines/4912,https://1geki.jp/slot/s_new_king_hanahana_v30/,0,,,5,total_games|big_count|reg_count|bonus_count|small_role_count,総ゲーム数|BIG(BT込)|REG|合算ボーナス|小役/示唆補助,BASIC|BONUS|BONUS|BONUS|SMALL_ROLE,total_games|big_count|reg_count|bonus_count,True,3,reg_count|bonus_count|big_count,,1|2|3|4|5,5,5,5,15,0.6|0.7|1,15,2500|3000,3,True,True,True,False,False,False,False,0,,,,False
list_slot_058.json,list_slot_058,ドラゴンハナハナ～閃光～ 30,legacy_full,ceilingRules|counterDefinitions|machine|settingReferenceValues,,True,list_slot_058,list_slot_058.json,True,list_slot_058,ドラゴンハナハナ～閃光～ 30,True,list_slot_058.json,True,list_slot,1,list_slot_058.json,1,list_slot_058.json,PIONEER,BONUS,2023-12-18,True,True,均一化フェーズ対応。主判別はREG、補助はボーナス合算とBIGに整理。ドラゴンハナハナもREG主軸で統一し、合算で全体傾向を補強する。,False,,https://p-town.dmm.com/machines/4453,https://1geki.jp/slot/s_drahana_senko30/0/,0,,,5,total_games|big_count|reg_count|bonus_count|suika_count,総ゲーム数|BIG|REG|合算ボーナス|BIG中スイカ,BASIC|BONUS|BONUS|BONUS|SMALL_ROLE,total_games|big_count|reg_count|bonus_count,True,3,reg_count|bonus_count|big_count,,1|2|3|4|5|6,6,6,6,18,0.6|0.7|1,18,2500|3000,3,True,True,True,False,False,False,False,0,,,,False
list_slot_059.json,list_slot_059,キングハナハナ-30,legacy_full,ceilingRules|counterDefinitions|machine|settingReferenceValues,,True,list_slot_059,list_slot_059.json,True,list_slot_059,キングハナハナ-30,True,list_slot_059.json,True,list_slot,1,list_slot_059.json,1,list_slot_059.json,PIONEER,BONUS,2023-03-20,True,True,均一化フェーズ対応。主判別はREG、補助はボーナス合算とBIGに整理。キングハナハナもREG主軸で揃え、BIGは補助に留める。,False,,https://p-town.dmm.com/machines/4311,https://1geki.jp/slot/s_kinghanahana2023/,0,,,5,total_games|big_count|reg_count|bonus_count|small_role_count,総ゲーム数|BIG|REG|合算ボーナス|小役/示唆補助,BASIC|BONUS|BONUS|BONUS|SMALL_ROLE,total_games|big_count|reg_count|bonus_count,True,3,reg_count|bonus_count|big_count,,1|2|3|4|5|6,6,6,6,18,0.6|0.7|1,18,2500|3000,3,True,True,True,False,False,False,False,0,,,,False
list_slot_060.json,list_slot_060,ハナハナホウオウ～天翔～-30,legacy_full,ceilingRules|counterDefinitions|machine|settingReferenceValues,,True,list_slot_060,list_slot_060.json,True,list_slot_060,ハナハナホウオウ～天翔～-30,True,list_slot_060.json,True,list_slot,1,list_slot_060.json,1,list_slot_060.json,PIONEER,BONUS,2022-01-24,True,True,均一化フェーズ対応。主判別はREG、補助はボーナス合算とBIGに整理。ホウオウ天翔もREG主軸で統一し、合算を補助に使う。,False,,https://p-town.dmm.com/machines/4013,https://1geki.jp/slot/s_hanahana_houoh_tensho30/,0,,,5,total_games|big_count|reg_count|bonus_count|small_role_count,総ゲーム数|BIG|REG|合算ボーナス|小役/示唆補助,BASIC|BONUS|BONUS|BONUS|SMALL_ROLE,total_games|big_count|reg_count|bonus_count,True,3,reg_count|bonus_count|big_count,,1|2|3|4|5|6,6,6,6,18,0.6|0.7|1,18,2500|3000,3,True,True,True,False,False,False,False,0,,,,False
list_slot_061.json,list_slot_061,麻雀物語,legacy_full,ceilingRules|counterDefinitions|machine|settingReferenceValues,,True,list_slot_061,list_slot_061.json,True,list_slot_061,麻雀物語,True,list_slot_061.json,True,list_slot,1,list_slot_061.json,1,list_slot_061.json,オリンピアエステート,AT,2025-04-21,True,True,均一化フェーズ対応。主判別はボーナス初当り、補助はAT初当りとBIG、重い分母は直撃系に整理。AT寄りに見える展開でも、まずはボーナス初当りを軸に全体を評価する。,False,,https://p-town.dmm.com/specials/4159,https://1geki.jp/slot/l_mjnmngtr/,0,,,5,total_games|bonus_count|big_count|at_count|direct_hit_count,総ゲーム数|初当り合算|通常時ボーナス初当り|AT初当り|AT直撃,BASIC|BONUS|BONUS|AT_CZ|SPECIAL,total_games|bonus_count|big_count|at_count|direct_hit_count,True,4,bonus_count|at_count|big_count|direct_hit_count,,1|2|3|4|5|6,6,6,6,24,0.25|0.6|0.7|1,24,2500|3000|12000,4,True,True,False,False,True,False,False,0,,,,False
list_slot_062.json,list_slot_062,戦姫絶唱シンフォギア 正義の歌,legacy_full,ceilingRules|counterDefinitions|machine|settingReferenceValues,,True,list_slot_062,list_slot_062.json,True,list_slot_062,戦姫絶唱シンフォギア 正義の歌,True,list_slot_062.json,True,list_slot,1,list_slot_062.json,1,list_slot_062.json,SANKYO,AT,2024-09-02,True,True,均一化フェーズ対応。主判別はAT初当り、重い分母は直撃ATに整理。シンフォギアは展開で短期ブレが大きいため、AT初当りを主軸にし、直撃は高ゲーム数時のみ効かせる。,False,,https://p-town.dmm.com/machines/4579,https://1geki.jp/slot/l_sympho/,0,,,3,total_games|at_count|direct_hit_count,総ゲーム数|AT初当り|最終決戦,BASIC|AT_CZ|SPECIAL,total_games|at_count|direct_hit_count,True,2,at_count|direct_hit_count,,1|2|4|5|6,5,5,5,10,0.25|1,10,2500|12000,2,False,False,False,False,True,False,False,0,,,,False
list_slot_063.json,list_slot_063,Lパチスロうみねこのなく頃に2,legacy_full,ceilingRules|counterDefinitions|machine|settingReferenceValues,,True,list_slot_063,list_slot_063.json,True,list_slot_063,Lパチスロうみねこのなく頃に2,True,list_slot_063.json,True,list_slot,1,list_slot_063.json,1,list_slot_063.json,オーイズミ,AT,2026-02-02,True,True,均一化フェーズ対応。主判別はボーナス初当り、補助はAT初当りとCZ、重い分母は直撃系に整理。うみねこ2は複数契機で数値が散りやすいため、主軸はボーナス初当りで固定する。,False,,https://p-town.dmm.com/machines/4925,https://1geki.jp/slot/l_umineko2/,0,,,5,total_games|bonus_count|direct_hit_count|cz_count|at_count,総ゲーム数|ボーナス合算|REG中斜め青7揃い|運命分岐モード|ART当選,BASIC|BONUS|SPECIAL|AT_CZ|AT_CZ,total_games|bonus_count|direct_hit_count,True,2,bonus_count|direct_hit_count,,1|2|3|4|5|6,6,6,6,12,0.25|1,12,2500|12000,2,True,False,False,False,False,False,False,1,cz_game_ceiling,GAME_COUNT,200,True
lovejo3.json,lovejo3,ラブ嬢3～Wご指名はいかがですか？～,modern_inference,counters|id|inferenceElements|name|notes|siteLinks,,False,,,False,,,False,,True,,1,lovejo3.json,1,lovejo3.json,,,,,False,,True,precision batch next,https://p-town.dmm.com,https://1geki.jp,2,DMM|一撃,https://p-town.dmm.com|https://1geki.jp,3,total_games|cz|at,ゲーム数|CZ|AT,,,True,2,cz_probability|at_probability,,1|2|3|4|5|6,6,6,6,2,1.0|1.2,2,500,0,False,False,False,True,True,False,False,0,,,,False
lupin.json,lupin,ルパン三世 大航海者,placeholder_or_other,id|name|notes,,False,,,False,,,False,,True,,1,lupin.json,1,lupin.json,,,,,False,,True,初当り＋直撃。直撃はかなり強いがサンプル不足注意。,,,0,,,0,,,,,False,0,,,,0,,,0,,0,,0,False,False,False,False,False,False,False,0,,,,False
madoka_forte.json,madoka_forte,劇場版魔法少女まどか☆マギカ f-フォルテ-,modern_inference,counters|id|inferenceElements|name|notes|siteLinks,,False,,,False,,,False,,True,,1,madoka_forte.json,1,madoka_forte.json,,,,,False,,True,precision batch remaining,https://p-town.dmm.com,https://1geki.jp,2,DMM|一撃,https://p-town.dmm.com|https://1geki.jp,3,total_games|cz|at,ゲーム数|CZ|AT,,,True,1,cz_probability,,1|2|3|4|5|6,6,6,6,1,1.0,1,500,0,False,False,False,True,False,False,False,0,,,,False
monkey_turn_v.json,monkey_turn_v,スマスロ モンキーターンV,simple_reference,id|name|settingReferenceValues,,False,,,False,,,False,,True,,1,monkey_turn_v.json,1,monkey_turn_v.json,,,,,False,,False,,,,0,,,0,,,,,False,4,at_hit|sg|weak_cherry|direct_at,AT初当り|SG突入率|弱チェリー|AT直撃,,0,6,6,0,,0,,0,False,False,False,False,True,True,False,0,,,,False
monster_hunter_rise.json,monster_hunter_rise,スマスロ モンスターハンターライズ,legacy_full,ceilingRules|counterDefinitions|machine|settingReferenceValues,,True,monster_hunter_rise,monster_hunter_rise.json,False,,,True,monster_hunter_rise.json,True,,1,monster_hunter_rise.json,1,monster_hunter_rise.json,エンターライズ,AT,2024-11-18,True,True,均一化フェーズ用に再整理。主判別はAT初当り、補助はCZ初当りと弱チェリー。直撃ATは重い分母のため低weight・高めの成熟条件で補助扱い、ボーナスはATと相関が強いため推測対象から外してメモ用途へ後退。ATは2000G超、CZは2500〜3000G級、弱チェリーは3000G級で傾向確認を推奨。,False,,https://p-town.dmm.com/machines/4676,https://1geki.jp/slot/l_mh_rize/,0,,,6,total_games|cz_count|at_count|bonus_count|direct_hit_count|weak_cherry_count,総ゲーム数|CZ|AT|ボーナス|直撃AT|弱チェリー,BASIC|AT_CZ|AT_CZ|BONUS|SPECIAL|SMALL_ROLE,total_games|cz_count|at_count|weak_cherry_count,True,5,cz_count|at_count|bonus_count|direct_hit_count|weak_cherry_count,,1|2|3|4|5|6,6,6,6,30,0.3|0.35|0.68|0.72|1.0,30,2|6|8|25,5,True,False,False,True,True,True,False,2,game_ceiling|quest_count_ceiling,GAME_COUNT|THROUGH_COUNT,999|7,True
my_juggler_v.json,my_juggler_v,マイジャグラーV,legacy_full,ceilingRules|counterDefinitions|machine|settingReferenceValues,,True,my_juggler_v,my_juggler_v.json,False,,,True,my_juggler_v.json,True,,1,my_juggler_v.json,1,my_juggler_v.json,Kita Denshi,BONUS,2025-01-01,True,True,均一化フェーズ対応。主判別はREG、補助はぶどうとBIGに整理。ジャグラー系はREGを最優先にし、ぶどうは高ゲーム数時の補強、BIGは補助評価に留める。,False,,https://p-town.dmm.com/machines/4029,https://1geki.jp/slot/s_mj5/,0,,,5,total_games|big_count|reg_count|grape_count|cherry_count,総ゲーム数|BIG|REG|ぶどう|チェリー,BASIC|BONUS|BONUS|SMALL_ROLE|SMALL_ROLE,total_games|big_count|reg_count|grape_count|cherry_count,True,3,reg_count|grape_count|big_count,,1|2|3|4|5|6,6,6,6,18,0.6|0.7|1,18,2500|3000|4000,3,False,True,True,False,False,False,False,0,,,,False
nyanko.json,nyanko,Lにゃんこ大戦争 超神速,modern_inference,counters|id|inferenceElements|name|notes|siteLinks,,False,,,False,,,False,,True,,2,list_slot_024.json|nyanko.json,1,nyanko.json,,,,,False,,True,precision batch next,https://p-town.dmm.com,https://1geki.jp,2,DMM|一撃,https://p-town.dmm.com|https://1geki.jp,3,total_games|cz|at,ゲーム数|CZ|AT,,,True,2,cz_probability|at_probability,,1|2|3|4|5|6,6,6,6,2,1.0|1.2,2,500,0,False,False,False,True,True,False,False,0,,,,False
revue_starlight.json,revue_starlight,L少女☆歌劇 レヴュースタァライト -The SLOT-,modern_inference,counters|id|inferenceElements|name|notes|siteLinks,,False,,,False,,,False,,True,,2,list_slot_020.json|revue_starlight.json,1,revue_starlight.json,,,,,False,,True,precision batch remaining,https://p-town.dmm.com,https://1geki.jp,2,DMM|一撃,https://p-town.dmm.com|https://1geki.jp,3,total_games|cz|at,ゲーム数|CZ|AT,,,True,1,cz_probability,,1|2|3|4|5|6,6,6,6,1,1.0,1,500,0,False,False,False,True,False,False,False,0,,,,False
ring_v.json,ring_v,Lリングにかけろ1 V,modern_inference,counters|id|inferenceElements|name|notes|siteLinks,,False,,,False,,,False,,True,,1,ring_v.json,1,ring_v.json,,,,,False,,True,precision batch,https://p-town.dmm.com,https://1geki.jp,2,DMM|一撃,https://p-town.dmm.com|https://1geki.jp,3,total_games|cz|at,ゲーム数|CZ|AT,,,True,2,cz_probability|at_probability,,1|2|3|4|5|6,6,6,6,2,1.0|1.2,2,500,0,False,False,False,True,True,False,False,0,,,,False
saki_top.json,saki_top,L咲-Saki- 頂上決戦,modern_inference,counters|id|inferenceElements|name|notes|siteLinks,,False,,,False,,,False,,True,,2,list_slot_017.json|saki_top.json,1,saki_top.json,,,,,False,,True,precision batch remaining,https://p-town.dmm.com,https://1geki.jp,2,DMM|一撃,https://p-town.dmm.com|https://1geki.jp,3,total_games|cz|at,ゲーム数|CZ|AT,,,True,1,cz_probability,,1|2|3|4|5|6,6,6,6,1,1.0,1,500,0,False,False,False,True,False,False,False,0,,,,False
sengoku_otome4.json,sengoku_otome4,L戦国乙女4 戦乱に閃く炯眼の軍師,modern_inference,counters|id|inferenceElements|name|notes|siteLinks,,False,,,False,,,False,,True,,2,list_slot_002.json|sengoku_otome4.json,1,sengoku_otome4.json,,,,,False,,True,precision batch,https://p-town.dmm.com,https://1geki.jp,2,DMM|一撃,https://p-town.dmm.com|https://1geki.jp,3,total_games|cz|at,ゲーム数|CZ|AT,,,True,2,cz_probability|at_probability,,1|2|3|4|5|6,6,6,6,2,1.0|1.2,2,500,0,False,False,False,True,True,False,False,0,,,,False
shin_eva.json,shin_eva,Lパチスロ シン・エヴァンゲリオン,modern_inference,counters|id|inferenceElements|name|notes|siteLinks,,False,,,False,,,False,,True,,2,list_slot_023.json|shin_eva.json,1,shin_eva.json,,,,,False,,True,precision batch next,https://p-town.dmm.com,https://1geki.jp,2,DMM|一撃,https://p-town.dmm.com|https://1geki.jp,3,total_games|cz|at,ゲーム数|CZ|AT,,,True,2,cz_probability|at_probability,,1|2|3|4|5|6,6,6,6,2,1.0|1.2,2,500,0,False,False,False,True,True,False,False,0,,,,False
strike_witches2.json,strike_witches2,Lストライクウィッチーズ2,modern_inference,counters|id|inferenceElements|name|notes|siteLinks,,False,,,False,,,False,,True,,2,list_slot_008.json|strike_witches2.json,1,strike_witches2.json,,,,,False,,True,precision batch,https://p-town.dmm.com,https://1geki.jp,2,DMM|一撃,https://p-town.dmm.com|https://1geki.jp,3,total_games|cz|at,ゲーム数|CZ|AT,,,True,2,cz_probability|at_probability,,1|2|3|4|5|6,6,6,6,2,1.0|1.2,2,500,0,False,False,False,True,True,False,False,0,,,,False
tensei_slime.json,tensei_slime,L転生したらスライムだった件,modern_inference,counters|id|inferenceElements|name|notes|siteLinks,,False,,,False,,,False,,True,,2,list_slot_005.json|tensei_slime.json,1,tensei_slime.json,,,,,False,,True,precision batch,https://p-town.dmm.com,https://1geki.jp,2,DMM|一撃,https://p-town.dmm.com|https://1geki.jp,3,total_games|cz|at,ゲーム数|CZ|AT,,,True,2,cz_probability|at_probability,,1|2|3|4|5|6,6,6,6,2,1.0|1.2,2,500,0,False,False,False,True,True,False,False,0,,,,False
toaru.json,toaru,スマスロ とある魔術の禁書目録,modern_inference,counters|id|inferenceElements|name|notes|siteLinks,,False,,,False,,,False,,True,,1,toaru.json,1,toaru.json,,,,,False,,True,precision batch next,https://p-town.dmm.com,https://1geki.jp,2,DMM|一撃,https://p-town.dmm.com|https://1geki.jp,3,total_games|cz|at,ゲーム数|CZ|AT,,,True,2,cz_probability|at_probability,,1|2|3|4|5|6,6,6,6,2,1.0|1.2,2,500,0,False,False,False,True,True,False,False,0,,,,False
tokyo_ghoul.json,tokyo_ghoul,L東京喰種,modern_inference,counters|id|inferenceElements|name|notes|siteLinks,,False,,,False,,,False,,True,,2,list_slot_014.json|tokyo_ghoul.json,1,tokyo_ghoul.json,,,,,False,,True,precision batch remaining,https://p-town.dmm.com,https://1geki.jp,2,DMM|一撃,https://p-town.dmm.com|https://1geki.jp,3,total_games|cz|at,ゲーム数|CZ|AT,,,True,1,cz_probability,,1|2|3|4|5|6,6,6,6,1,1.0,1,500,0,False,False,False,True,False,False,False,0,,,,False
tokyoghoul.json,tokyoghoul,東京喰種,placeholder_or_other,id|name|notes,,False,,,False,,,False,,True,,1,tokyoghoul.json,1,tokyoghoul.json,,,,,False,,True,AT＋CZで判断。直撃は強いが低頻度。,,,0,,,0,,,,,False,0,,,,0,,,0,,0,,0,False,False,False,False,False,False,False,0,,,,False
ushio_tora.json,ushio_tora,Lうしおととら 白面決戦,modern_inference,counters|id|inferenceElements|name|notes|siteLinks,,False,,,False,,,False,,True,,2,list_slot_018.json|ushio_tora.json,1,ushio_tora.json,,,,,False,,True,precision batch remaining,https://p-town.dmm.com,https://1geki.jp,2,DMM|一撃,https://p-town.dmm.com|https://1geki.jp,3,total_games|cz|at,ゲーム数|CZ|AT,,,True,1,cz_probability,,1|2|3|4|5|6,6,6,6,1,1.0,1,500,0,False,False,False,True,False,False,False,0,,,,False
valvrave.json,valvrave,L革命機ヴァルヴレイヴ,legacy_full,ceilingRules|counterDefinitions|machine|settingReferenceValues,,True,valvrave,valvrave.json,False,,,True,valvrave.json,True,,1,valvrave.json,1,valvrave.json,SANKYO,AT,2022-11-21,True,True,均一化フェーズ対応。主判別は革命ボーナス初当り、補助はCZ、重い分母は直撃ATで統一。ボーナス初当りを最優先に、CZは補助、直撃ATは高サンプル時のみ使用。AT回数単体は推測の主軸にしない。,False,,https://p-town.dmm.com/machines/4244,https://1geki.jp/slot/s_valvrave/,0,,,5,total_games|cz_count|at_count|bonus_count|direct_hit_count,総ゲーム数|CZ|AT|ボーナス|直撃AT,BASIC|AT_CZ|AT_CZ|BONUS|SPECIAL,total_games|cz_count|bonus_count,True,3,bonus_count|cz_count|direct_hit_count,,1|2|3|4|5|6,6,6,6,18,0.25|0.7|1,18,1|5|8,3,True,False,False,True,False,False,False,4,cz_interval_game_ceiling|bonus_at_interval_ceiling|cz_through_ceiling|kessen_bonus_through,GAME_COUNT|GAME_COUNT|THROUGH_COUNT|THROUGH_COUNT,1000|1500|7|4,True
valvrave_2.json,valvrave_2,Lパチスロ 革命機ヴァルヴレイヴ2,legacy_full,ceilingRules|counterDefinitions|machine|settingReferenceValues,,True,valvrave_2,valvrave_2.json,True,valvrave_2,Lパチスロ 革命機ヴァルヴレイヴ2,True,valvrave_2.json,True,,1,valvrave_2.json,1,valvrave_2.json,SANKYO,AT,2025-11-04,True,True,機種追加差分。登録漏れ防止用に追加。入力UIはヴァルヴレイヴ系の近似テンプレートを流用し、設定判別の分母データは未投入のため推測結果では未使用。メーカー正式名称の完全一致で既存ヴァルヴレイヴとは別機種として管理する。,False,,https://p-town.dmm.com/machines/4885,https://1geki.jp/slot/l_valvrave2/,0,,,5,total_games|cz_count|at_count|bonus_count|direct_hit_count,総ゲーム数|CZ|AT|ボーナス|直撃AT,BASIC|AT_CZ|AT_CZ|BONUS|SPECIAL,total_games|cz_count|bonus_count,True,0,,,,0,,,0,,0,,0,False,False,False,False,False,False,False,4,cz_interval_game_ceiling|bonus_at_interval_ceiling|cz_through_ceiling|kessen_bonus_through,GAME_COUNT|GAME_COUNT|THROUGH_COUNT|THROUGH_COUNT,1000|1500|7|4,True
vvv.json,vvv,革命機ヴァルヴレイヴ,placeholder_or_other,id|name|notes,,False,,,False,,,False,,True,,1,vvv.json,1,vvv.json,,,,,False,,True,ボーナス主軸。CZは参考程度。荒波注意。,,,0,,,0,,,,,False,0,,,,0,,,0,,0,,0,False,False,False,False,False,False,False,0,,,,False
zenigata4.json,zenigata4,L主役は銭形4,modern_inference,counters|id|inferenceElements|name|notes|siteLinks,,False,,,False,,,False,,True,,2,list_slot_007.json|zenigata4.json,1,zenigata4.json,,,,,False,,True,precision batch,https://p-town.dmm.com,https://1geki.jp,2,DMM|一撃,https://p-town.dmm.com|https://1geki.jp,3,total_games|cz|at,ゲーム数|CZ|AT,,,True,2,cz_probability|at_probability,,1|2|3|4|5|6,6,6,6,2,1.0|1.2,2,500,0,False,False,False,True,True,False,False,0,,,,False
